data_no,unty_url_no,return_site_url,colc_site_url,classify_title,classify_fn33,classify_sp_fn33,classify_p22,classify_span22,classify_img,classify_imgper,classify_img_base64,classify_img_size,url_status_code,url_error_code,process_time,pre_text,tag_len,country_code,ip_addr,web_size,first_img_src,img_cnt,label_sn,label_name,site_no,use_yn,regr_id,regi_dt,updu_id,upda_dt
20210800000002,20210000000000131309,https://wkv7.com/,https://wkv7.com,M7, (event) {
            var scroll,(event){
varscroll=$(window).scro,,로그인,NULL,NULL,iVBORw0KGgoAAAANSUhEUgAAAQkAAABXCAYAAAAXm7BXAAAAAXNSR0IArs4c6QAAIABJREFUeJztXXt8FNXZfs5uQK2abNBWqia7fLZVuYTgpWhikiVYlHuCeOGWC7Fo0UoIShRLSLBysUIAxVoRkqBCRLkpgYiFEG4Bq2QTQuwVNiRg66VsArZWhPP9MTuzZ2bnvrNJwDy/30l2Zs685533nPPMe95zZoYAhMIQDGaXgBACSkOTYbhM3TsvLhCEWlsXIKy44HZrG2EsSGoHonxIC7ZQdTGK9iaI7zO+l5a+oMifot1qKYRiTJDEBVULXejCBYB2IIoQum1E6CVeJPcr/jKMGNMRDVpZDcTGAt98Y7xMmw3o3h0gMoVSCpw9C5w7B/zna+Cf/wS5O9F4GV0wDooOuBeGsdAQxZokiYsAZkhBCkJA3i3nOrnNhFNGqT,height=87 width=265,200,NULL,387.0758435726166, 발권일 맨위로 로그인 회원가입 원 마이 페이지 쿠폰함 고객센터 메세지 공지사항 슬롯 게임 라이브카지노 오픈 준비중 로그인 로그인 아이디 암호 저장 로그인에 실패 하였습니다 정확한 정보를 입력하여 주세요 정확한 정보를 입력해주세요 로그인 실패 사용자 이름 또는 암호가 잘못됨 아이디와 비밀번호가 일치하지 않습니다 로그인에 문제가 있습니다 고객센터로 문의하세요 로그인에 실패하였습니다 고객센터로 문의해주세요 로그인에 문제가 있습니다 고객센터로 문의하세요 부정로그인으로 판단되어 임시제재 될수 있으니 올바른 정보를 입력하시거나 고객센터로 비밀번호 문의해주시기 바랍니다 부정로그인으로 판단되어 임시제재 될수 있으니 올바른 정보를 입력하시거나 고객센터로 비밀번호 문의해주시기 바랍니다 부정로그인으로 판단되어 임시제재 될수 있으니 올바른 정보를 입력하시거나 고객센터로 비밀번호 문의해주시기 바랍니다 허용되지 않은 아이피 입니다 허용되지 않은 아이피 입니다 승인대기중입니다 잠시만 기다려주세요 회원님은 사,470,US,104.21.18.34,81944,/images/bluechip/logo/logo3.png?ver=1.01?>,70,NULL,NULL,NULL,Y,RPA,2021-08-17 10:26:46.848,RPA,2021-08-17 10:26:46.848
20210800000003,20210000000000131307,http://tr1911.com/login,http://tr1911.com,보물섬, () {
        GetHouseMoney();
  ,(){
GetHouseMoney();
},60*5000);
,,828889,8683878,889012345678983715937159371592604826048260488730639628518417406396295184174073962952841747,NULL,NULL,iVBORw0KGgoAAAANSUhEUgAAAVYAAADiCAYAAAAVg+9UAAAAAXNSR0IArs4c6QAAIABJREFUeJzsvWeTJEl65/dz91CpM0tXdbWenu6RKwYrbrkHHATPgLvj4o5GATOa0Yz8AHzHz8QXd0aa0XhQC7EAVgCzYnZ2ZPe0ri4tUmeGcne+iIjMLNFyZnZnF3jauqoy0sPD3SPi74//H+EicJWVUnJSpBBIpU4dz0SAEEghcBwHx3UQUmIBay061SRJgjUaYwzGGgQCIbKzjdYAtObmcJRDt9chTTXWWoSY1n2sPVJgAWMM2OyYnW2rlCjHRUmFzP+LSR02a3PxydqsXVqjdYrWGq1NXtIC5kR/7YnPgrNkcjS/rjj2d9YvAUgpEVKilIOUMvssTt+DJ13rWAnx+DLWnmz7853/pLoeV/eT6nvWaz1dZut5eh+fZRx+GX,height=226 width=342,200,NULL,150.2820429801941, 보물섬 게임시작 설치안내 공지사항 이벤트 행운권추첨 환전후기 회원가입 아이디 비밀번호 인중냄새 원 원 로이앤드 원 옴이스 원 원 공달 원 원 마이트리 원 콜럼버스호 원 동배리 원 주 플레이위드 대표 인사말 주 플레이위드 보물섬 썸머 충전 보너스 이벤트 콜 센터 정상안내 올인 이벤트 안내 가입축하금이벤트 주 플레이위드 보물섬 게임방법 안내 은행별 점검시간 안내 충전 및 환전 관련안내 주 플레이위드 보물섬 소개 및 규정 원 핑크색찐빵 출금완료 원 토종견 출금완료 원 출금완료 원 교추인 출금완료 원 위즈 출금완료 원 출금완료 원 엑스비디오 출금완료 원 출금완료 원 닥븅새 출금완료 원 백리스 출금완료 로그인이 필요합니다 회원가입 하시어 대박을 잡아보세요 아이디를 입력하세요 비밀번호를 입력하세요 ,498,US,13.230.150.251,42386,/exclude/template/images/logo/logo.png?v=0.2.264,15,NULL,NULL,NULL,Y,RPA,2021-08-17 10:38:12.422,RPA,2021-08-17 10:38:12.422
20210700019900,20210000000000035846,http://xi100.com/,http://xi100.com,ShopXO企业级B2C电商系统提供商 - 演示站点,<html class=""js cssanimations""><h,<htmlclass=jscssanimations><head>,首页,个人中心,NULL,NULL,,height=0 width=0,200,NULL,76.44800591468811, ,3262,CN,114.67.208.48,648394,http://xi100.com/static/index/default/images/nav-icon-home-active.png,44,NULL,NULL,NULL,Y,RPA,2021-07-22 12:59:41.392,RPA,2021-07-22 12:59:41.392
20210700019901,20210000000000035844,https://nuj21.proasdf.com/v3/s?q=bl.mob_mobility.q00_age_gender&t=3&c=KR&pl=&al=&ab=&ol=&ob=&s=dn-200&d=50b64b9fc1b080795e00c82d&k=&r=&u=&v=&x=&y=&z=31_33&pz=&f=1,http://xi98.com,여러분의 성별과 나이는 어떻게 되세요?,() {
$('.question_tex,(){
$(.question_text).after(<divc,,,NULL,NULL,,,200,NULL,58.227705001831055, 여러분의 성별과 나이는 어떻게 되세요 여러분의 성별과 나이는 어떻게 되세요 남자 여자 ,143,US,162.243.10.151,464,NULL,NULL,NULL,NULL,NULL,Y,RPA,2021-07-22 12:59:48.483,RPA,2021-07-22 12:59:48.483
20210700019899,20210000000000035843,http://xi97.com/,http://xi97.com,xi97.com, GetParam(name) {
var,GetParam(name){
varmatch=newRegEx,,,NULL,NULL,,,200,NULL,46.58594584465027, ,17,US,52.128.23.153,1556,NULL,NULL,NULL,NULL,NULL,Y,RPA,2021-07-22 12:59:39.944,RPA,2021-07-22 12:59:39.944
20210700019903,20210000000000035842,http://xi96.com/,http://xi96.com,没有找到站点,<html><head>
<meta charset=""utf-8,<html><head>
<metacharset=utf-8>
,您的请求在Web服务器中没有找到对应的站点！,,NULL,NULL,,,200,NULL,48.79429244995117, ,20,CN,47.99.242.113,1326,NULL,NULL,NULL,NULL,NULL,Y,RPA,2021-07-22 13:00:31.938,RPA,2021-07-22 13:00:31.938
20210700019904,20210000000000035840,http://www.xi94.com/,http://xi94.com,必威体育手机官网网址_必威体育手机官网网址正版APP下载,(){
var bp = document.createE,(){
varbp=document.createElement(,全球格局的专业的新材料，新能源，新农业投资集团。,,NULL,NULL,iVBORw0KGgoAAAANSUhEUgAAAQkAAABeCAYAAAAwlOGfAAAAAXNSR0IArs4c6QAAIABJREFUeJzsvWuobtt53/d7xm3Od6219z5Htiy5qdsKGaluDXYa2/JJSUiKLIwvmJgaGojbfrAoRq5b+qFQ24hiGhP6oVCDKMTql9aQQFODwDHBFYVSHGHZrmXsNrKRqshWY118dM7Ze613znF9+mGM+b7vuux9zqmc2vtkPbBYa71zvnOOOS7P+D//5zLl5f/wm5Q3IPZv/izmpR9G10vq//Rfob/xy5jv+xD2/T8GztN+/xPw1T++dc5NOXwHqB//KO1XPtKv/6FfwLz3Jbh6FaZz6sc/2j9//4+hJSJuon32N6kf+eDhXP3iZyk/90N3XlO+8wewP/Iz/abrJfLCO2mf+CXq3/vw7bY4D3C43uF5v/MH0U//GvKv/9u0z/,height=94 width=265,200,NULL,58.00931477546692, ,110,US,172.121.103.26,7631,images/logo.png,12,NULL,NULL,NULL,Y,RPA,2021-07-22 13:00:49.739,RPA,2021-07-22 13:00:49.739
20210700019905,20210000000000035839,http://xi93.com/,http://xi93.com,xi93.com, GetParam(name) {
var,GetParam(name){
varmatch=newRegEx,,,NULL,NULL,,,200,NULL,41.41788673400879, ,17,US,52.128.23.153,1556,NULL,NULL,NULL,NULL,NULL,Y,RPA,2021-07-22 13:00:57.038,RPA,2021-07-22 13:00:57.038
20210700019910,20210000000000035836,https://www.hugedomains.com/domain_profile.cfm?d=xi90&e=com,http://xi90.com,xi90.com is for sale | HugeDomains, gtag(){dataLayer.push(arguments),gtag(){dataLayer.push(arguments);,Buy now for: $1,695,Questions?,NULL,NULL,iVBORw0KGgoAAAANSUhEUgAAAO4AAAAjCAYAAACTmDZIAAAAAXNSR0IArs4c6QAAD+VJREFUeJztnX9wE+eZx79UyLJlybJPMrI0ARljS8JJwJYBz1zPWm4y5YdJmylhApmpuTuwS2GOJDDTmUuKyVxM05v+ATnSjkNM6BXyh01KZ46zHcJMrpa49AawxY8kxloZkHBHP7BcC1ZabISO+0OW0Gpf/TBgSyb6/IVePfvus/I+7/M+P3aZd2/y/kPkyDGHYBgGfoaBSq3OtCoZ43uZViBHjulA0zROdnZ+p40WAOZnWoEcOdKlp7sbvT3d+G37R5lWJePkDDdH1sMwDA5/cAi0lcZv2tszrU5WkDPcHFkNTdN4v+09uJwufNjeDqlUmmmVsoJcjJsjo7icTvR0dxO/M5n6sHvXTthoGz5sb4dWq51l7bKX+QBgGRjAvH,height=35 width=238,200,NULL,58.28947973251343, ,436,US,104.26.7.37,5282,https://static.HugeDomains.com/images/hdv3-img/hugedomains_logo.svg,14,NULL,NULL,NULL,Y,RPA,2021-07-22 13:01:58.556,RPA,2021-07-22 13:01:58.556
20210700019909,20210000000000035835,http://xi89.com/?btwaf=51696529,http://xi89.com,欢迎光临！, alertSet(e) {
document.getEl,alertSet(e){
document.getElementB,secure,,NULL,NULL,,height=0 width=0,200,NULL,46.05369019508362, ,91,US,193.31.30.17,143,http://webassets.6bjy0.com/assets/home/20190922/footer/brand/logo_saba.svg?v=88b42d2eb9,30,NULL,NULL,NULL,Y,RPA,2021-07-22 13:01:50.609,RPA,2021-07-22 13:01:50.609
20210700019913,20210000000000035833,http://xi87.com/,http://xi87.com,xi87.com, GetParam(name) {
var,GetParam(name){
varmatch=newRegEx,,,NULL,NULL,,,200,NULL,68.0713324546814, ,17,US,52.128.23.153,1556,NULL,NULL,NULL,NULL,NULL,Y,RPA,2021-07-22 13:02:52.364,RPA,2021-07-22 13:02:52.364
20210700019915,20210000000000035830,http://www.xi84.com/index.php,http://xi84.com,渭南毫言新材料有限公司,<html xmlns=""http://www.w3.org/19,<htmlxmlns=http://www.w3.org/1999,,,NULL,NULL,,,200,NULL,75.5748028755188, ,17,US,23.106.240.209,1322,NULL,NULL,NULL,NULL,NULL,Y,RPA,2021-07-22 13:03:37.439,RPA,2021-07-22 13:03:37.439
20210700019914,20210000000000035829,http://xi83.com/,http://xi83.com,xi83.com, GetParam(name) {
var,GetParam(name){
varmatch=newRegEx,,,NULL,NULL,,,200,NULL,52.65565872192383, ,17,US,52.128.23.153,1556,NULL,NULL,NULL,NULL,NULL,Y,RPA,2021-07-22 13:03:25.688,RPA,2021-07-22 13:03:25.688
20210700019916,20210000000000035828,http://xi82.com/,http://xi82.com,橱柜之窗 - 专注于橱柜,厨房,燃气具行业的资讯和装修知识点 - 橱柜之窗,(){var bp = document.createElemen,(){varbp=document.createElement(s,,社区中心,NULL,NULL,iVBORw0KGgoAAAANSUhEUgAAASwAAABuCAYAAACdmi6mAAAAAXNSR0IArs4c6QAAIABJREFUeJzUvXecZUd55/2tOvHm1HG6Z3qyZpRHglEESQjJCAUEyIBNNhgnDBh7vbtOy+6+vHhl83rf9cc2FrbBGMtIBhsjCVBAcSSNpJE0mtFocu6cb998T6j945ybunuCAAOuz+d233sqp1/9nqeeqiOUUgrARxF+xQdAAqAEeK7CFzSdEhAGRQEegacfPlSqEV6ilEI1/BvxlQIlmvl5ktZ3JZphlJAd6dKWV5BuI6/2/GUzrYZzGmUVjfwFPq08lRAoRTM9EPii5e+imvHa0/FVo83CcgpQfqOubW3B0meqrZx+o54Nf78z/0adg++tuvmq7ZlalIZSzXK22lSEfddo6/b+DtNsK1cjbFBWcJUK6iyD9GRnM//HdMJvtt,height=110 width=300,200,NULL,57.52539134025574, ,530,HK,103.149.27.88,36968,https://www.li32.com/skin/boyi/image/logo_35.png,20,NULL,NULL,NULL,Y,RPA,2021-07-22 13:03:53.162,RPA,2021-07-22 13:03:53.162
20210700019918,20210000000000035827,http://xi81.com/,http://xi81.com,,<html><head></head><frameset rows,<html><head></head><framesetrows=,,,NULL,NULL,,,404,NULL,58.307591676712036, ,7,US,47.91.170.222,320,NULL,NULL,NULL,NULL,NULL,Y,RPA,2021-07-22 13:04:27.211,RPA,2021-07-22 13:04:27.211
20210700019919,20210000000000035825,http://xi79.com/,http://xi79.com,xi79.com Is for Sale,(i,s,o,g,r,a,m){i['GoogleAnalytic,(i,s,o,g,r,a,m){i[GoogleAnalytics,xi79.com,×,NULL,NULL,iVBORw0KGgoAAAANSUhEUgAAAGAAAAAoCAYAAAABk/85AAAAAXNSR0IArs4c6QAAEVlJREFUaIHtm9dzHNeVxn+34/RMTwYwCCRBUoymAimJsi3bclqrdrdc633wPuyfuHaVXRvssrW2JAd5ZSVKokSKmQCJMJgcO/fdhx4MMARAApRc3Krl9zCFGUzfdM494TtnhJRS8hRPDMqTXsD/dzwVwBPGUwE8YTwVwBOGdpAve2FEywtpOD49P8ILI8JYogiBpgjSukrO0ChZOllDw1C/nHz9KKbjhTQdn14Q4YQRQRQjJeiqQkpVyJkaZcugYOroqnjkmBJoOwF1xyccxR+KEJiqYMoysQ31S615E30/ZH3gEcTJHAKwdJXZjIm57VweKQApYX3o8dlGj89rXVYHHk0noOuFuFFEHIMQoCsCS1fJmzrFlEYlY3I8n+FUOc,height=40 width=96,200,NULL,49.36704349517822, ,124,US,18.119.87.32,20179,http://www.sav.com/images/logo/2x/Blue_No_Com.png,2,NULL,NULL,NULL,Y,RPA,2021-07-22 13:04:45.768,RPA,2021-07-22 13:04:45.768
20210700019921,20210000000000035824,https://www.hugedomains.com/domain_profile.cfm?d=xi78&e=com,http://xi78.com,HugeDomains.com, gtag() { dataLayer.push(argument,gtag(){dataLayer.push(arguments);,© HugeDomains.com. All rights reserved.,Questions?,NULL,NULL,iVBORw0KGgoAAAANSUhEUgAAAO4AAAAjCAYAAACTmDZIAAAAAXNSR0IArs4c6QAAHRNJREFUeJztnfl3XdWV5z93evMovafBGoytybLleQBjG0MISTpzWAlNQYckFSBdqepeNXS6V+UPqFWdzqrq1dXV3ZUQEkKSqoxFoAiBAGYwjgFbHmRZtjVY86ynN0936h+e9KSr92TAmNgh+v6me++7Z597z/ecvb97nyshk8ubrGENvyfQNI3xsVEmJybZ3NGBx+O53iZdF4jX24A1rOHtIpPJ8Mbrx3nql08RrKz8gyUtgHy9DVjDGt4OotEozzz9NG8cP84DX/wiLS0t19uk64o14q7hhsfE+DiPffe7nO48xVf/05+xc/fu623SdccacddwXaHrOqZpIsulQ1HTNM53d/PIt77F8NAQf/zgQ9x2++3XwcobD2vEXcN1g2,height=35 width=238,200,NULL,43.64656043052673, ,75,US,172.67.70.191,35447,https://static.hugedomains.com/images/hdv3-img/logo.png,7,NULL,NULL,NULL,Y,RPA,2021-07-22 13:04:53.384,RPA,2021-07-22 13:04:53.384
20210700019923,20210000000000035822,http://xi76.com/,http://xi76.com,贵州财经大学-首页,(){
var bp = document.createE,(){
varbp=document.createElement(,,,NULL,NULL,iVBORw0KGgoAAAANSUhEUgAAAFoAAAB4CAYAAAByzOU/AAAAAXNSR0IArs4c6QAAIABJREFUeJyMvVmQZNd55/c759x7c8+sfevuqu7GRgANgNi5AOIiiqQocTiiRos1YY00mhiHw3aE3/xiz5vfHH6YF9uyZM1Y5HCk0VASpRFJcAEBEiCWBppAN7rR+97VteeedzmLH87NpQqAwjcioyqzMm/e+53vfMv/+39fie1my81NLQAOkCAUIpCE5RAZSIw1BKGgXC6QpBlJX2O0RWEJcITKAZBaR2rACgEIcAIEgEAFChVKlAIAqy1ZT2Mzh5QSaw0I6R9SgHOAQDiHc84/dw7E8G+MfwoBNv8d/7nx75PPAWz+fPK1yWP4Gfkh55ITv3PgHO5Dfp88hyXwn3HjvzsHJsNmgtW1RaKyoNdL2dls0+vEOOsFKHA46bD5TT,height=120 width=90,400,NULL,66.50730085372925, ,1846,US,107.163.185.154,13,http://xi76.com/uploads/images/975104.jpg,16,NULL,NULL,NULL,y,RPA,2021-07-22 13:05:45.445,RPA,2021-07-22 13:05:55.782
20210700019922,20210000000000035821,http://xi75.com/,http://xi75.com,, handleABPDetect(){try{if(!abp) r,handleABPDetect(){try{if(!abp)ret,,,NULL,NULL,,,200,NULL,46.552847385406494, ,19,VG,204.11.56.48,1836,NULL,NULL,NULL,NULL,NULL,Y,RPA,2021-07-22 13:05:43.165,RPA,2021-07-22 13:05:43.165
20210700019925,20210000000000035820,http://xi74.com/,http://xi74.com,403 Forbidden,<html><head><title>403 Forbidden<,<html><head><title>403Forbidden</,,,NULL,NULL,,,403,NULL,61.21919775009155, ,8,US,23.225.199.227,548,NULL,NULL,NULL,NULL,NULL,Y,RPA,2021-07-22 13:06:47.576,RPA,2021-07-22 13:06:47.576
20210700019924,20210000000000035819,http://xi73.com/,http://xi73.com,xi73.com Is for Sale,(i,s,o,g,r,a,m){i['GoogleAnalytic,(i,s,o,g,r,a,m){i[GoogleAnalytics,xi73.com,×,NULL,NULL,iVBORw0KGgoAAAANSUhEUgAAAGAAAAAoCAYAAAABk/85AAAAAXNSR0IArs4c6QAAEVlJREFUaIHtm9dzHNeVxn+34/RMTwYwCCRBUoymAimJsi3bclqrdrdc633wPuyfuHaVXRvssrW2JAd5ZSVKokSKmQCJMJgcO/fdhx4MMARAApRc3Krl9zCFGUzfdM494TtnhJRS8hRPDMqTXsD/dzwVwBPGUwE8YTwVwBOGdpAve2FEywtpOD49P8ILI8JYogiBpgjSukrO0ChZOllDw1C/nHz9KKbjhTQdn14Q4YQRQRQjJeiqQkpVyJkaZcugYOroqnjkmBJoOwF1xyccxR+KEJiqYMoysQ31S615E30/ZH3gEcTJHAKwdJXZjIm57VweKQApYX3o8dlGj89rXVYHHk0noOuFuFFEHIMQoCsCS1fJmzrFlEYlY3I8n+FUOc,height=40 width=96,200,NULL,41.114774227142334, ,124,US,13.59.53.244,20179,http://www.sav.com/images/logo/2x/Blue_No_Com.png,2,NULL,NULL,NULL,Y,RPA,2021-07-22 13:06:29.809,RPA,2021-07-22 13:06:29.809
20210700019926,20210000000000035818,https://www.hugedomains.com/domain_profile.cfm?d=xi72&e=com,http://xi72.com,Xi72.com is for sale | HugeDomains, gtag(){dataLayer.push(arguments),gtag(){dataLayer.push(arguments);,Buy now for: $2,295,Questions?,NULL,NULL,iVBORw0KGgoAAAANSUhEUgAAAO4AAAAjCAYAAACTmDZIAAAAAXNSR0IArs4c6QAAD+VJREFUeJztnX9wE+eZx79UyLJlybJPMrI0ARljS8JJwJYBz1zPWm4y5YdJmylhApmpuTuwS2GOJDDTmUuKyVxM05v+ATnSjkNM6BXyh01KZ46zHcJMrpa49AawxY8kxloZkHBHP7BcC1ZabISO+0OW0Gpf/TBgSyb6/IVePfvus/I+7/M+P3aZd2/y/kPkyDGHYBgGfoaBSq3OtCoZ43uZViBHjulA0zROdnZ+p40WAOZnWoEcOdKlp7sbvT3d+G37R5lWJePkDDdH1sMwDA5/cAi0lcZv2tszrU5WkDPcHFkNTdN4v+09uJwufNjeDqlUmmmVsoJcjJsjo7icTvR0dxO/M5n6sHvXTthoGz5sb4dWq51l7bKX+QBgGRjAvH,height=35 width=238,200,NULL,66.88960862159729, ,436,US,172.67.70.191,33438,https://static.HugeDomains.com/images/hdv3-img/hugedomains_logo.svg,14,NULL,NULL,NULL,Y,RPA,2021-07-22 13:07:05.92,RPA,2021-07-22 13:07:05.92
20210700019927,20210000000000035817,http://xi71.com/,http://xi71.com,xi71.com, GetParam(name) {
var,GetParam(name){
varmatch=newRegEx,,,NULL,NULL,,,200,NULL,52.27840518951416, ,17,US,52.128.23.153,1556,NULL,NULL,NULL,NULL,NULL,Y,RPA,2021-07-22 13:07:25.321,RPA,2021-07-22 13:07:25.321
20210700019928,20210000000000035816,https://www.hugedomains.com/domain_profile.cfm?d=xi70&e=com,http://xi70.com,Xi70.com is for sale | HugeDomains, gtag(){dataLayer.push(arguments),gtag(){dataLayer.push(arguments);,Buy now for: $3,195,Questions?,NULL,NULL,iVBORw0KGgoAAAANSUhEUgAAAO4AAAAjCAYAAACTmDZIAAAAAXNSR0IArs4c6QAAD+VJREFUeJztnX9wE+eZx79UyLJlybJPMrI0ARljS8JJwJYBz1zPWm4y5YdJmylhApmpuTuwS2GOJDDTmUuKyVxM05v+ATnSjkNM6BXyh01KZ46zHcJMrpa49AawxY8kxloZkHBHP7BcC1ZabISO+0OW0Gpf/TBgSyb6/IVePfvus/I+7/M+P3aZd2/y/kPkyDGHYBgGfoaBSq3OtCoZ43uZViBHjulA0zROdnZ+p40WAOZnWoEcOdKlp7sbvT3d+G37R5lWJePkDDdH1sMwDA5/cAi0lcZv2tszrU5WkDPcHFkNTdN4v+09uJwufNjeDqlUmmmVsoJcjJsjo7icTvR0dxO/M5n6sHvXTthoGz5sb4dWq51l7bKX+QBgGRjAvH,height=35 width=238,200,NULL,47.29819583892822, ,436,US,104.26.7.37,33733,https://static.HugeDomains.com/images/hdv3-img/hugedomains_logo.svg,14,NULL,NULL,NULL,Y,RPA,2021-07-22 13:07:38.116,RPA,2021-07-22 13:07:38.116
20210700019929,20210000000000035815,https://www.hugedomains.com/domain_profile.cfm?d=xi69&e=com,http://xi69.com,HugeDomains.com, gtag() { dataLayer.push(argument,gtag(){dataLayer.push(arguments);,© HugeDomains.com. All rights reserved.,Questions?,NULL,NULL,iVBORw0KGgoAAAANSUhEUgAAAO4AAAAjCAYAAACTmDZIAAAAAXNSR0IArs4c6QAAHRNJREFUeJztnfl3XdWV5z93evMovafBGoytybLleQBjG0MISTpzWAlNQYckFSBdqepeNXS6V+UPqFWdzqrq1dXV3ZUQEkKSqoxFoAiBAGYwjgFbHmRZtjVY86ynN0936h+e9KSr92TAmNgh+v6me++7Z597z/ecvb97nyshk8ubrGENvyfQNI3xsVEmJybZ3NGBx+O53iZdF4jX24A1rOHtIpPJ8Mbrx3nql08RrKz8gyUtgHy9DVjDGt4OotEozzz9NG8cP84DX/wiLS0t19uk64o14q7hhsfE+DiPffe7nO48xVf/05+xc/fu623SdccacddwXaHrOqZpIsulQ1HTNM53d/PIt77F8NAQf/zgQ9x2++3XwcobD2vEXcN1g2,height=35 width=238,200,NULL,47.2998161315918, ,75,US,104.26.7.37,5283,https://static.hugedomains.com/images/hdv3-img/logo.png,7,NULL,NULL,NULL,Y,RPA,2021-07-22 13:07:56.454,RPA,2021-07-22 13:07:56.454
20210700019931,20210000000000035814,http://xi68.com/,http://xi68.com,TestPage184, () {
document.getEle,(){
document.getElementById(mainF,,,NULL,NULL,,,403,NULL,46.22559690475464, ,8,CN,123.56.127.185,597,NULL,NULL,NULL,NULL,NULL,Y,RPA,2021-07-22 13:08:14.76,RPA,2021-07-22 13:08:14.76
20210700019932,20210000000000035812,http://xi66.com/,http://xi66.com,xi66.com域名出售，xi66.com可以转让，this domain is for sale,(){
$.ajax(
{
,(){
$.ajax(
{
type:get,
u,,whois查询,NULL,NULL,iVBORw0KGgoAAAANSUhEUgAAAFAAAABQCAYAAACOEfKtAAAAAXNSR0IArs4c6QAABZ5JREFUeJztnNlu20YUhv8zGyVKUeQlK4IU6Ps/S5+gvWibII5TW6GthRQ5c3JBRV4gWaoOKSLJfIBvZMIz/MWZ+c9C0x9/TxiRg1FdT+BHJwooJAooJAooJAooJAooJAooJAooJAooJAooJAooJAooJAooJAooxDTxR5whnA0cUmegFT15LTPjarrE9bxsYui7OWjCu9MUZuf4QFF5TOYlbvNKPK5YwKHTeH+eIjF6r+sDM24W8ok/hoiQOg2rdy+qIQxOBg6XNwUushyShKhIQKMI789q8ZgZpWfwjukwA56bz+EyA8sqIOzxt41S0IrwapRgWQVczZYHjysScJxaJLYWL5uX+G+2BO+4AUZ9o01ThoAPkwV2rGAAwDAxeP,height=80 width=80,200,NULL,55.31256413459778, ,61,US,206.119.87.76,4375,http://static.ename.com.cn/upload/images/common/common-avatar.png,3,NULL,NULL,NULL,Y,RPA,2021-07-22 13:08:54.979,RPA,2021-07-22 13:08:54.979
20210700019938,20210000000000035811,http://www.xi65.com/,http://xi65.com,云南郴乌装修公司,<html><head><title>云南郴乌装修公司</titl,<html><head><title>云南郴乌装修公司</titl,,,NULL,NULL,,,200,NULL,172.3524205684662, ,8,US,104.252.138.187,1585,NULL,NULL,NULL,NULL,NULL,Y,RPA,2021-07-22 13:11:04.459,RPA,2021-07-22 13:11:04.459
20210700019933,20210000000000035810,http://xi64.com/,http://xi64.com,,<html data-adblockkey=""MFwwDQYJKo,<htmldata-adblockkey=MFwwDQYJKoZI,,,NULL,NULL,,,200,NULL,54.109057903289795, ,11,VG,208.91.197.46,1829,NULL,NULL,NULL,NULL,NULL,Y,RPA,2021-07-22 13:09:12.1,RPA,2021-07-22 13:09:12.1
20210700019935,20210000000000035808,http://xi62.com/,http://xi62.com,xi62.com Is for Sale,(i,s,o,g,r,a,m){i['GoogleAnalytic,(i,s,o,g,r,a,m){i[GoogleAnalytics,xi62.com,×,NULL,NULL,iVBORw0KGgoAAAANSUhEUgAAAGAAAAAoCAYAAAABk/85AAAAAXNSR0IArs4c6QAAEVlJREFUaIHtm9dzHNeVxn+34/RMTwYwCCRBUoymAimJsi3bclqrdrdc633wPuyfuHaVXRvssrW2JAd5ZSVKokSKmQCJMJgcO/fdhx4MMARAApRc3Krl9zCFGUzfdM494TtnhJRS8hRPDMqTXsD/dzwVwBPGUwE8YTwVwBOGdpAve2FEywtpOD49P8ILI8JYogiBpgjSukrO0ChZOllDw1C/nHz9KKbjhTQdn14Q4YQRQRQjJeiqQkpVyJkaZcugYOroqnjkmBJoOwF1xyccxR+KEJiqYMoysQ31S615E30/ZH3gEcTJHAKwdJXZjIm57VweKQApYX3o8dlGj89rXVYHHk0noOuFuFFEHIMQoCsCS1fJmzrFlEYlY3I8n+FUOc,height=40 width=96,200,NULL,50.81014895439148, ,124,US,18.119.87.32,20179,http://www.sav.com/images/logo/2x/Blue_No_Com.png,2,NULL,NULL,NULL,Y,RPA,2021-07-22 13:10:06.17,RPA,2021-07-22 13:10:06.17
20210700019936,20210000000000035807,http://xi61.com/,http://xi61.com,,<html><head></head><body>404 Not ,<html><head></head><body>404NotFo,,,NULL,NULL,,,400,NULL,47.208165645599365, ,3,SC,156.245.90.46,13,NULL,NULL,NULL,NULL,NULL,Y,RPA,2021-07-22 13:10:06.375,RPA,2021-07-22 13:10:06.375
20210700019941,20210000000000035805,http://xi59.com/,http://xi59.com,xi59.com, GetParam(name) {
var,GetParam(name){
varmatch=newRegEx,,,NULL,NULL,,,200,NULL,65.09339952468872, ,17,US,52.128.23.153,1556,NULL,NULL,NULL,NULL,NULL,Y,RPA,2021-07-22 13:11:35.506,RPA,2021-07-22 13:11:35.506
20210700019943,20210000000000035802,http://www.xi56.com/,http://xi56.com,BET9十年信誉玩家首选网址-首页,<html xmlns=""http://www.w3.org/19,<htmlxmlns=http://www.w3.org/1999,澳门风采 - aomenfengcai.com澳門博彩監察局監管，信譽保障！ Copyright © 澳門博彩監察局（委員會）
,,NULL,NULL,iVBORw0KGgoAAAANSUhEUgAAAP8AAABVCAYAAACGjzJCAAAAAXNSR0IArs4c6QAAIABJREFUeJyEvXeUXMd54Purqhs6Tk4YAINEIpEESZGUmCSQFCnKkpVsSZb3ybLXZ53OOq/D7tv1W53d57eWvT5r+62z9d6TbFOWgyIpimKQKDGIEUwAiDjAIA0md+4bqur9cfv23G4MtfecAbpvqFv15VRfi8985jNWCQmAlBIhBFproijCGIOQEsd1cBwHKSVaa+I4RmuNtRasRSAQQnSfF0KQPdLv2WvWWqy1SJm8W5vknYGJ0dIifIdaztBUIXUbc1m0uajqVE1EVG9j4gjhKPxCnrLymYg9ptQARe1RxmXYuKi2QQqJYwUCECRzVEqhlEJKSRxGCCFQSvXMy1rbXZMxpvs9PdJzxpjuGowxCcyEwHEcXNftgafWuvve9F,height=85 width=255,200,NULL,70.55604028701782, ,78,US,107.158.90.193,85841,https://www.aomenfengcai.com:8546/images/logo.png,1,NULL,NULL,NULL,Y,RPA,2021-07-22 13:12:26.094,RPA,2021-07-22 13:12:26.094
20210700019943,20210000000000035800,http://xi54.com/,http://xi54.com,Xi54.com, handleABPDetect(){try{if(!abp) r,handleABPDetect(){try{if(!abp)ret, The domain xi54.com may be for sale. Please click here to inquire ,xi54.com,NULL,NULL,,,200,NULL,47.40700006484985, ,75,VG,204.11.56.48,22928,NULL,NULL,NULL,NULL,NULL,Y,RPA,2021-07-22 13:12:26.133,RPA,2021-07-22 13:12:26.133
20210700019947,20210000000000035798,https://www.hugedomains.com/domain_profile.cfm?d=xi52&e=com,http://xi52.com,HugeDomains.com, gtag() { dataLayer.push(argument,gtag(){dataLayer.push(arguments);,© HugeDomains.com. All rights reserved.,Questions?,NULL,NULL,iVBORw0KGgoAAAANSUhEUgAAAO4AAAAjCAYAAACTmDZIAAAAAXNSR0IArs4c6QAAHRNJREFUeJztnfl3XdWV5z93evMovafBGoytybLleQBjG0MISTpzWAlNQYckFSBdqepeNXS6V+UPqFWdzqrq1dXV3ZUQEkKSqoxFoAiBAGYwjgFbHmRZtjVY86ynN0936h+e9KSr92TAmNgh+v6me++7Z597z/ecvb97nyshk8ubrGENvyfQNI3xsVEmJybZ3NGBx+O53iZdF4jX24A1rOHtIpPJ8Mbrx3nql08RrKz8gyUtgHy9DVjDGt4OotEozzz9NG8cP84DX/wiLS0t19uk64o14q7hhsfE+DiPffe7nO48xVf/05+xc/fu623SdccacddwXaHrOqZpIsulQ1HTNM53d/PIt77F8NAQf/zgQ9x2++3XwcobD2vEXcN1g2,height=35 width=238,200,NULL,54.40772080421448, ,75,US,104.26.7.37,33063,https://static.hugedomains.com/images/hdv3-img/logo.png,7,NULL,NULL,NULL,y,RPA,2021-07-22 13:13:20.565,RPA,2021-07-22 13:13:23.813
20210700019950,20210000000000035795,https://xi49.com/,http://xi49.com,,() {
var hm = document.createEl,(){
varhm=document.createElement(,,百度,NULL,NULL,iVBORw0KGgoAAAANSUhEUgAAABwAAAAcCAYAAAByDd+UAAAAAXNSR0IArs4c6QAAA8FJREFUSIm1lmtsFFUUx38zs4/u9oHFog2FtBJXUYpF0mKswYCQlgZq/GSDZoMJoRIXRWIVozEQqdGgCdEEAjX1FZRKbIgm2hJjbMWqsIqYGtS2IoRQUFuQLrPbbu2OH06amd2ZcWlS/l/mnnPP3P899zzuVXRdN84OKezt8BEd0NBHmVbk5kDVzRNsrEsyt8hAOXk6bjy6O0AsMb1EmcgPwL5IArWl03fNyQBiCWjp9KFGB7SsxkE/7InA8TegOQyaas7NCMK6FXBveXbSY/0anquJ2YZVcPd8Ga9eAif+gI++hoIg7H8a5hTJ3MsH4eAR93XiY6C6T5tYuShdrl0s38gakwzg8XrwZjmwqyK8LjddLsyT7/I70vV5ASi7cR,height=28 width=28,200,NULL,46.92225623130798, ,177,SG,27.50.62.62,10161,img/1.png,40,NULL,NULL,NULL,Y,RPA,2021-07-22 13:14:10.735,RPA,2021-07-22 13:14:10.735
20210700019951,20210000000000035793,http://xi47.com/,http://xi47.com,个人存储工具,<html lang=""en""><head>
<meta ch,<htmllang=en><head>
<metacharset=,以下是一些常用的个人存储工具链接:,Xi47,NULL,NULL,iVBORw0KGgoAAAANSUhEUgAAACgAAAAoCAYAAACM/rhtAAAAAXNSR0IArs4c6QAABEVJREFUWIXtWE1MG0cYfTYmdvBuvTSJHTvhJxUETi21myhqSwxSD+A2BC6oLQdIVImcCsqhh0hJ3UPPjZRL2kNFK1FVqpQ4qSI1h4oEgqqqGFDiqhBbarAFDhQDm7WTmB/Tg+Nl1579tVErte+0OzP75unbmfd9MwbnJ/e38S+G8Z8WoIT/BRaLkgqk0k9x4MlyKSlhKgVJc2QSzQ+D8IXuYQEZJBgHfmk8jm9PdhfNbdC7i92xGbQ9GMPJcBBU+hnfvoCMaFyCceC2+x0E3mjbfYH1S1G0h8bQHA7CySaIY/IF7sxkxPyBKlw/8R5GG0+UTqCTXcbbkUn4HoyifikmS2aqdWIR20g/WpAdlzGV4/6R13DjWDt+P3xUu0Aq/R,height=40 width=40,200,NULL,58.42835068702698, ,2833,CN,119.28.68.119,149686,https://cmsstatic.ffquan.cn//images/home/headgrup.png?v=202107160929,178,NULL,NULL,NULL,Y,RPA,2021-07-22 13:23:28.61,RPA,2021-07-22 13:23:28.61
20210700019981,20210000000000035763,https://www.hugedomains.com/domain_profile.cfm?d=xi16&e=com,http://xi16.com,HugeDomains.com, gtag() { dataLayer.push(argument,gtag(){dataLayer.push(arguments);,© HugeDomains.com. All rights reserved.,Questions?,NULL,NULL,iVBORw0KGgoAAAANSUhEUgAAAO4AAAAjCAYAAACTmDZIAAAAAXNSR0IArs4c6QAAHRNJREFUeJztnfl3XdWV5z93evMovafBGoytybLleQBjG0MISTpzWAlNQYckFSBdqepeNXS6V+UPqFWdzqrq1dXV3ZUQEkKSqoxFoAiBAGYwjgFbHmRZtjVY86ynN0936h+e9KSr92TAmNgh+v6me++7Z597z/ecvb97nyshk8ubrGENvyfQNI3xsVEmJybZ3NGBx+O53iZdF4jX24A1rOHtIpPJ8Mbrx3nql08RrKz8gyUtgHy9DVjDGt4OotEozzz9NG8cP84DX/wiLS0t19uk64o14q7hhsfE+DiPffe7nO48xVf/05+xc/fu623SdccacddwXaHrOqZpIsulQ1HTNM53d/PIt77F8NAQf/zgQ9x2++3XwcobD2vEXcN1g2,height=35 width=238,200,NULL,54.26899790763855, ,75,US,104.26.7.37,5282,https://static.hugedomains.com/images/hdv3-img/logo.png,7,NULL,NULL,NULL,Y,RPA,2021-07-22 13:23:47.457,RPA,2021-07-22 13:23:47.457
20210700019983,20210000000000035761,https://kr.godaddy.com/upgrade-your-browser,http://xi14.com,브라우저 업데이트,<html lang=""ko-KR"" dir=""ltr""><hea,<htmllang=ko-KRdir=ltr><head><tit,하지만 먼저 브라우저를 업데이트하셔야 합니다. 시작하려면 지금 업데이트하세요.,,NULL,NULL,iVBORw0KGgoAAAANSUhEUgAAAJoAAAAgCAYAAADqrmEEAAAAAXNSR0IArs4c6QAAHitJREFUeJztnNlvW3eW5z+Xl/tOiaRErZYsa7MWS/KexUvSTsqpQgqVCqbRPYPCNAqol34azEO/9TT6HxigHxoNFAZdg0H1oGZQNdkqcRbbSRTHsa1I1mLtu0SJIinu5OVy750HkrctW3ac6qoudCMH4BMv7/3d3+/7O+d7vuf8KMzFYioPWSGfZ25qimtvvcX0+DiRvT2ymQwIAlarlVqfj56BAU6/8AIDIyPU+nzodDpUVSUWjTJz/z53Pv+c2clJ9nZ3yWYyKIqCyWTCV1dH7+AgF65coWdwEJfbjSAIfGf//k14GGh7Ozv86he/4KN33iEWjSKXSqiqiqqqCILwzx+dDqvVSufx47zy+uv0Dg6yPD/PB7/5DfMzMyQTCR,height=32 width=154,200,NULL,44.467674016952515,브라우저 업데이트아이디어 실현을 도와드리겠습니다 하지만 먼저 브라우저를 업데이트하셔야 합니다 시작하려면 지금 업데이트하세요 브라우저 업데이트 다운로드 다운로드 다운로드연락처최고 수준의 지원팀에 문의하세요 ,40,US,104.74.161.159,5282,https://img1.wsimg.com/wrhs/browser-deprecation-warning/logo.png,4,NULL,NULL,NULL,Y,RPA,2021-07-22 13:24:16.362,RPA,2021-07-22 13:24:16.362
20210700019985,20210000000000035760,http://www.xi13.com/index.php,http://xi13.com,重庆倩融集团有限责任公司,<html xmlns=""http://www.w3.org/19,<htmlxmlns=http://www.w3.org/1999,,,NULL,NULL,,,200,NULL,66.8721854686737, ,17,US,142.234.188.142,1808,NULL,NULL,NULL,NULL,NULL,Y,RPA,2021-07-22 13:24:57.577,RPA,2021-07-22 13:24:57.577
20210700019984,20210000000000035759,https://www.hugedomains.com/domain_profile.cfm?d=xi12&e=com,http://xi12.com,HugeDomains.com, gtag() { dataLayer.push(argument,gtag(){dataLayer.push(arguments);,© HugeDomains.com. All rights reserved.,Questions?,NULL,NULL,iVBORw0KGgoAAAANSUhEUgAAAO4AAAAjCAYAAACTmDZIAAAAAXNSR0IArs4c6QAAHRNJREFUeJztnfl3XdWV5z93evMovafBGoytybLleQBjG0MISTpzWAlNQYckFSBdqepeNXS6V+UPqFWdzqrq1dXV3ZUQEkKSqoxFoAiBAGYwjgFbHmRZtjVY86ynN0936h+e9KSr92TAmNgh+v6me++7Z597z/ecvb97nyshk8ubrGENvyfQNI3xsVEmJybZ3NGBx+O53iZdF4jX24A1rOHtIpPJ8Mbrx3nql08RrKz8gyUtgHy9DVjDGt4OotEozzz9NG8cP84DX/wiLS0t19uk64o14q7hhsfE+DiPffe7nO48xVf/05+xc/fu623SdccacddwXaHrOqZpIsulQ1HTNM53d/PIt77F8NAQf/zgQ9x2++3XwcobD2vEXcN1g2,height=35 width=238,200,NULL,51.59787845611572, ,75,US,104.26.7.37,34864,https://static.hugedomains.com/images/hdv3-img/logo.png,7,NULL,NULL,NULL,Y,RPA,2021-07-22 13:24:51.454,RPA,2021-07-22 13:24:51.454
20210700019986,20210000000000035758,http://xi11.com/,http://xi11.com,南国彩票 - 7星彩|快乐彩_彩票投注, isMobile() {
if((navigator.userA,isMobile(){
if((navigator.userAge,,南国彩票：,NULL,NULL,iVBORw0KGgoAAAANSUhEUgAAAfQAAACMCAYAAACK0FuSAAAAAXNSR0IArs4c6QAAIABJREFUeJzsnXecFOX9x99Tt+9eb3DA0TuIgogVFcSCEbEndoldY2wxiRqN0cRoEiNGo1GJxlixoRhRsYOASK/HcQfHHdfL3u1tm5nn98ccV+D2OIxR4Lfv10vZnXnmmdm92fk83/J8Hynj0imCJEmSJEmSJMkBjfxDX0CSJEmSJEmS5L8nKehJkiRJkiTJQUBS0JMkSZIkSZKDgKSgJ0mSJEmSJAcBSUFPkiRJkiRJDgKSgp4kSZIkSZIcBCQFPUmSJEmSJDkISAp6kiRJkiRJchCg/tAXAJCdlcM5x05jV4UbqcM+AWwu286CxR+DOLhr4AghcDrAqVn4nQayZH8TloDGiEI0JhGJgST9d+MwgcDtFKS6DDTF3hKOK9SFFA,height=140 width=500,200,NULL,72.19434571266174, ,730,US,104.221.155.29,44344,eeeee_02.png,44,NULL,NULL,NULL,Y,RPA,2021-07-22 13:25:31.801,RPA,2021-07-22 13:25:31.801
20210700019988,20210000000000035757,http://www.xi10.com/,http://xi10.com,郑重声明 : 未满18岁者严禁浏览本站 ！,<html><head>
<title>郑重声明 : 未满18岁者,<html><head>
<title>郑重声明:未满18岁者严禁,郑重声明 : 未满18岁者严禁浏览本站 ！,,NULL,NULL,,,200,NULL,50.409931659698486, ,11,US,192.3.169.218,470,NULL,NULL,NULL,NULL,NULL,Y,RPA,2021-07-22 13:25:45.095,RPA,2021-07-22 13:25:45.095
20210700019987,20210000000000035756,http://xi09.com/,http://xi09.com,首页,(){
$('.m5 .h li,.mb .bh li').cli,(){
$(.m5.hli,.mb.bhli).click(,
,,NULL,NULL,iVBORw0KGgoAAAANSUhEUgAAAIIAAAEJCAYAAABYA/9SAAAAAXNSR0IArs4c6QAAIABJREFUeJzsvXeUXMd15/95sXP39OSICcAMBoEYgMgEBOacJVkyla1V8lpa2yuvvfbPx9Za3rWP7Q229/eTJVm2JNsSRYmUKUaJpBgAEgCRMwaDyTn0TOd+/VL9/ujBBMwMMIDktZbm9xzyYF5XeFX1rVu37r1VT3IOK4IFkAF34eN3f3/H/i79mmARIryLf2tQL/1j7zfDTPSoV0r7Lt5hiFQ63Pa5BDCHCMkxhcl+7edSQVNJPQ+uvROAvG3yN/u//XMpF2BNaTOtxesZTk1yYPj1RdPc0rCT5oom/LqPc0MdHB08yYQxdU317Gnawaaa9QB0xnp59uxLP/O7XwlRT4S6UBVpK0tXou9ftK7F8C8iAioi5Ty67SEqo+Ukjf,height=265 width=130,200,NULL,42.92537450790405, ,245,HK,103.40.162.251,12049,img/zzdl.gif,32,NULL,NULL,NULL,Y,RPA,2021-07-22 13:25:43.763,RPA,2021-07-22 13:25:43.763
20210700019991,20210000000000035755,http://xi08.com/,http://xi08.com,502 Bad Gateway,<html><head><title>502 Bad Gatewa,<html><head><title>502BadGateway<,,,NULL,NULL,,,502,NULL,61.71103286743164, ,8,US,64.32.28.244,560,NULL,NULL,NULL,NULL,NULL,Y,RPA,2021-07-22 13:26:36.72,RPA,2021-07-22 13:26:36.72
20210700019992,20210000000000035752,http://xi05.com/,http://xi05.com,xi05.com Is for Sale,(i,s,o,g,r,a,m){i['GoogleAnalytic,(i,s,o,g,r,a,m){i[GoogleAnalytics,xi05.com,×,NULL,NULL,iVBORw0KGgoAAAANSUhEUgAAAGAAAAAoCAYAAAABk/85AAAAAXNSR0IArs4c6QAAEVlJREFUaIHtm9dzHNeVxn+34/RMTwYwCCRBUoymAimJsi3bclqrdrdc633wPuyfuHaVXRvssrW2JAd5ZSVKokSKmQCJMJgcO/fdhx4MMARAApRc3Krl9zCFGUzfdM494TtnhJRS8hRPDMqTXsD/dzwVwBPGUwE8YTwVwBOGdpAve2FEywtpOD49P8ILI8JYogiBpgjSukrO0ChZOllDw1C/nHz9KKbjhTQdn14Q4YQRQRQjJeiqQkpVyJkaZcugYOroqnjkmBJoOwF1xyccxR+KEJiqYMoysQ31S615E30/ZH3gEcTJHAKwdJXZjIm57VweKQApYX3o8dlGj89rXVYHHk0noOuFuFFEHIMQoCsCS1fJmzrFlEYlY3I8n+FUOc,height=40 width=96,200,NULL,46.106858015060425, ,124,US,3.143.123.90,20178,http://www.sav.com/images/logo/2x/Blue_No_Com.png,2,NULL,NULL,NULL,Y,RPA,2021-07-22 13:27:14.526,RPA,2021-07-22 13:27:14.526
20210700019993,20210000000000035751,https://www.hugedomains.com/domain_profile.cfm?d=xi04&e=com,http://xi04.com,HugeDomains.com, gtag() { dataLayer.push(argument,gtag(){dataLayer.push(arguments);,© HugeDomains.com. All rights reserved.,Questions?,NULL,NULL,iVBORw0KGgoAAAANSUhEUgAAAO4AAAAjCAYAAACTmDZIAAAAAXNSR0IArs4c6QAAHRNJREFUeJztnfl3XdWV5z93evMovafBGoytybLleQBjG0MISTpzWAlNQYckFSBdqepeNXS6V+UPqFWdzqrq1dXV3ZUQEkKSqoxFoAiBAGYwjgFbHmRZtjVY86ynN0936h+e9KSr92TAmNgh+v6me++7Z597z/ecvb97nyshk8ubrGENvyfQNI3xsVEmJybZ3NGBx+O53iZdF4jX24A1rOHtIpPJ8Mbrx3nql08RrKz8gyUtgHy9DVjDGt4OotEozzz9NG8cP84DX/wiLS0t19uk64o14q7hhsfE+DiPffe7nO48xVf/05+xc/fu623SdccacddwXaHrOqZpIsulQ1HTNM53d/PIt77F8NAQf/zgQ9x2++3XwcobD2vEXcN1g2,height=35 width=238,200,NULL,55.22562599182129, ,75,US,104.26.7.37,5282,https://static.hugedomains.com/images/hdv3-img/logo.png,7,NULL,NULL,NULL,Y,RPA,2021-07-22 13:27:25.855,RPA,2021-07-22 13:27:25.855
20210700019994,20210000000000035750,http://xi03.com/,http://xi03.com,首页,(){
$('.m5 .h li,.mb .bh li').cli,(){
$(.m5.hli,.mb.bhli).click(,
,,NULL,NULL,iVBORw0KGgoAAAANSUhEUgAAAIIAAAEJCAYAAABYA/9SAAAAAXNSR0IArs4c6QAAIABJREFUeJzsvXeUXMd15/95sXP39OSICcAMBoEYgMgEBOacJVkyla1V8lpa2yuvvfbPx9Za3rWP7Q229/eTJVm2JNsSRYmUKUaJpBgAEgCRMwaDyTn0TOd+/VL9/ujBBMwMMIDktZbm9xzyYF5XeFX1rVu37r1VT3IOK4IFkAF34eN3f3/H/i79mmARIryLf2tQL/1j7zfDTPSoV0r7Lt5hiFQ63Pa5BDCHCMkxhcl+7edSQVNJPQ+uvROAvG3yN/u//XMpF2BNaTOtxesZTk1yYPj1RdPc0rCT5oom/LqPc0MdHB08yYQxdU317Gnawaaa9QB0xnp59uxLP/O7XwlRT4S6UBVpK0tXou9ftK7F8C8iAioi5Ty67SEqo+Ukjf,height=265 width=130,200,NULL,46.71877455711365, ,245,HK,103.40.162.251,12049,img/zzdl.gif,32,NULL,NULL,NULL,Y,RPA,2021-07-22 13:27:26.697,RPA,2021-07-22 13:27:26.697
20210700019996,20210000000000035749,http://xi02.com/,http://xi02.com,,ality of this site it is necessar,alityofthissiteitisnecessarytoena,,개인정보 취급방침,NULL,NULL,,,200,NULL,49.71657586097717, 에서 무료 제공되는 서비스로 무료로 파킹됩니다 이 도메인 확보 개인정보 취급방침,36,US,34.102.136.180,2522,NULL,NULL,NULL,NULL,NULL,Y,RPA,2021-07-22 13:28:07.473,RPA,2021-07-22 13:28:07.473
20210700019999,20210000000000035747,http://xi9.com/,http://xi9.com,网站建设中,<html xmlns=""http://www.w3.org/19,<htmlxmlns=http://www.w3.org/1999,,,NULL,NULL,,,200,NULL,116.00117468833923, ,17,US,47.244.181.200,2190,NULL,NULL,NULL,NULL,NULL,Y,RPA,2021-07-22 13:29:25.931,RPA,2021-07-22 13:29:25.931
20210700019997,20210000000000035746,http://xiao1.xiao301.pw:1101/?u=http://xi8.com/&p=/,http://xi8.com,,<html><head></head><body></body><,<html><head></head><body></body><,,,NULL,NULL,,,200,NULL,50.26825284957886,,3,US,23.225.150.14,428,NULL,NULL,NULL,NULL,NULL,Y,RPA,2021-07-22 13:28:44.739,RPA,2021-07-22 13:28:44.739
20210700019998,20210000000000035745,http://iyfnz.com/?dn=xi7.com&pid=9PO755G95,http://xi7.com,Xi7.com, handleABPDetect(){try{if(!abp) r,handleABPDetect(){try{if(!abp)ret,,Related Searches:,NULL,NULL,,,200,NULL,49.52389693260193, ,59,VG,208.91.196.46,10728,NULL,NULL,NULL,NULL,NULL,Y,RPA,2021-07-22 13:29:00.234,RPA,2021-07-22 13:29:00.234
20210700020000,20210000000000035744,http://xi6.com/,http://xi6.com,Bruce Tomlin's Home Page,<html><head>
<meta http-equiv="",<html><head>
<metahttp-equiv=Cont,,,NULL,NULL,iVBORw0KGgoAAAANSUhEUgAAADwAAABGCAYAAACQRffVAAAAAXNSR0IArs4c6QAADwxJREFUeJztm99vHEW2xz/9c37bzpBYWWI7Czg/WMmBoE2UZX2VSLkyEBAviAd44w/jiSckHlgJaa8QEtyLbm4igYSyRpsfxnZsj+1kPDM9P3p6uruqex96uj0T28nYHhvdq3ukltv2TFV969T51qlT5yhhGIYMICsrK/z444+YpomqqiiKgqaqaLqOpmooqoKqqhiGgaZpyaOqKpqmoSgKuq5vf1fTsCyLN954g0wms6O/b7/9lsmJCWQQIKVESkkQBMTD7R32bhAURUVRQoIg/nzAqVPj6IOABfB9n9v/fRsZSDKZNOl0hlQqhaHrpDMZMpkM6XSabDZLJp0mlU6TSqVIpVJomoau69HnuxOSSqWQUu7ZnxSSP77yCla9Ti,height=70 width=60,200,NULL,54.19426608085632, ,52,US,99.68.224.84,4093,img/panther-x.gif,6,NULL,NULL,NULL,Y,RPA,2021-07-22 13:29:42.164,RPA,2021-07-22 13:29:42.164
20210700020001,20210000000000035743,http://xi5.com/,http://xi5.com,502 Bad Gateway,<html><head><title>502 Bad Gatewa,<html><head><title>502BadGateway<,,,NULL,NULL,,,200,NULL,48.551461696624756, ,8,US,64.32.28.244,4670,NULL,NULL,NULL,NULL,NULL,Y,RPA,2021-07-22 13:29:52.031,RPA,2021-07-22 13:29:52.031
20210700020002,20210000000000035742,https://uniregistry.com/market/domain/xi4.com,http://xi4.com,The domain name xi4.com is for sale | Uni Market,(a,b,c,d){
a='//tags.tiqcdn.com/u,(a,b,c,d){
a=//tags.tiqcdn.com/ut,좋은 도메인은 성공의 열쇠가 될 수 있습니다,,NULL,NULL,iVBORw0KGgoAAAANSUhEUgAAARYAAAAZCAYAAAD0bAEuAAAAAXNSR0IArs4c6QAAFzNJREFUeJztnHtcVGX+x99n5jAD4nAXEOSOgqAgCkmKWJrmrTTS0qyttba2i1tbu/Wzrd+62/6229a2P/vVbqb7a9PV8lJeSgtFJS8oKIKiICgCgoDcR4SBYeb3xzCHOc4AA+X15+f14sXMc57nOc85c57P8/1+vt/nCCN//ZaRW+g3DB16Mt99mTXpWfz1m90IguJaD8kKEX7eRAf44u2qofFSC6U19Rw5c46WtnaruhpHNfHhgfh5uKJxVFNW20Be2XnOVtddg5H3E0YAe38HAwg//fkFu89/c0L0c3dF6LyxRiN0GAxUNWp7bOTr5oJCEBAEUxuD0UhlQ9NVGO71BaPRiFGvN3026DEaDAjK6+eBSo4K46V77yTE29PqmK,height=25 width=278,200,NULL,57.27661395072937, 이 가 판매 중입니다 좋은 도메인은 성공의 열쇠가 될 수 있습니다 지금 이 이름 받기 지금 구입하기 결제 수단 수락됨 이 도메인은 프리미어 도메인 이름 거래소인 에서 판매 중인 도메인입니다 신뢰할 수 있는 구매 저희는 년 넘게 수천 명의 구매자가 안전하게 도메인을 구매할 수 있도록 도왔던 노하우를 바탕으로 귀하에게도 자신 있게 같은 서비스를 제공합니다 보안 교환 방식으로 제공 안전하고 편리한 마무리를 보장하는 업계 최고의 기술을 활용하여 모든 도메인을 이전합니다 에 을 를 구매합니다 구매를 위한 결제를 계속하려면 가입하세요 계정이 없으신가요 지금 만들기 ,137,US,172.67.33.185,18552,https://static.uniregistry.com/static/assets/img/l-contact/GoDaddy_GO_uni-logo-horiz-white-rgb-2.png,5,NULL,NULL,NULL,Y,RPA,2021-07-22 13:30:26.413,RPA,2021-07-22 13:30:26.413
20210700020004,20210000000000035741,http://xi3.com/,http://xi3.com,404 Not Found,<html><head>
<title>404 Not Found,<html><head>
<title>404NotFound</,The requested URL / was not found on this server.,,NULL,NULL,,,404,NULL,55.15455913543701, ,6,US,208.109.7.9,198,NULL,NULL,NULL,NULL,NULL,Y,RPA,2021-07-22 13:30:40.57,RPA,2021-07-22 13:30:40.57
20210700020006,20210000000000035738,https://www.hugedomains.com/domain_profile.cfm?d=wr100&e=com,http://wr100.com,Wr100.com is for sale | HugeDomains, gtag(){dataLayer.push(arguments),gtag(){dataLayer.push(arguments);,Buy now for: $3,495,Questions?,NULL,NULL,iVBORw0KGgoAAAANSUhEUgAAAO4AAAAjCAYAAACTmDZIAAAAAXNSR0IArs4c6QAAD+VJREFUeJztnX9wE+eZx79UyLJlybJPMrI0ARljS8JJwJYBz1zPWm4y5YdJmylhApmpuTuwS2GOJDDTmUuKyVxM05v+ATnSjkNM6BXyh01KZ46zHcJMrpa49AawxY8kxloZkHBHP7BcC1ZabISO+0OW0Gpf/TBgSyb6/IVePfvus/I+7/M+P3aZd2/y/kPkyDGHYBgGfoaBSq3OtCoZ43uZViBHjulA0zROdnZ+p40WAOZnWoEcOdKlp7sbvT3d+G37R5lWJePkDDdH1sMwDA5/cAi0lcZv2tszrU5WkDPcHFkNTdN4v+09uJwufNjeDqlUmmmVsoJcjJsjo7icTvR0dxO/M5n6sHvXTthoGz5sb4dWq51l7bKX+QBgGRjAvH,height=35 width=238,200,NULL,42.62841296195984, ,436,US,104.26.6.37,33780,https://static.HugeDomains.com/images/hdv3-img/hugedomains_logo.svg,14,NULL,NULL,NULL,Y,RPA,2021-07-22 13:31:22.28,RPA,2021-07-22 13:31:22.28
20210700020007,20210000000000035737,http://wr99.com/,http://wr99.com,,<html><head></head><frameset rows,<html><head></head><framesetrows=,,,NULL,NULL,,,404,NULL,63.19060802459717, ,7,US,47.91.170.222,320,NULL,NULL,NULL,NULL,NULL,Y,RPA,2021-07-22 13:31:46.96,RPA,2021-07-22 13:31:46.96
20210700020008,20210000000000035736,data:,,http://wr98.com,,NULL,NULL,NULL,NULL,NULL,NULL,NULL,NULL,200,NULL,50.801138401031494,NULL,NULL,NULL,NULL,10021,NULL,NULL,NULL,NULL,NULL,Y,RPA,2021-07-22 13:31:56.358,RPA,2021-07-22 13:31:56.358
20210700020009,20210000000000035735,https://www.hugedomains.com/domain_profile.cfm?d=wr97&e=com,http://wr97.com,HugeDomains.com, gtag() { dataLayer.push(argument,gtag(){dataLayer.push(arguments);,© HugeDomains.com. All rights reserved.,Questions?,NULL,NULL,iVBORw0KGgoAAAANSUhEUgAAAO4AAAAjCAYAAACTmDZIAAAAAXNSR0IArs4c6QAAHRNJREFUeJztnfl3XdWV5z93evMovafBGoytybLleQBjG0MISTpzWAlNQYckFSBdqepeNXS6V+UPqFWdzqrq1dXV3ZUQEkKSqoxFoAiBAGYwjgFbHmRZtjVY86ynN0936h+e9KSr92TAmNgh+v6me++7Z597z/ecvb97nyshk8ubrGENvyfQNI3xsVEmJybZ3NGBx+O53iZdF4jX24A1rOHtIpPJ8Mbrx3nql08RrKz8gyUtgHy9DVjDGt4OotEozzz9NG8cP84DX/wiLS0t19uk64o14q7hhsfE+DiPffe7nO48xVf/05+xc/fu623SdccacddwXaHrOqZpIsulQ1HTNM53d/PIt77F8NAQf/zgQ9x2++3XwcobD2vEXcN1g2,height=35 width=238,200,NULL,48.34934139251709, ,75,US,104.26.6.37,5283,https://static.hugedomains.com/images/hdv3-img/logo.png,7,NULL,NULL,NULL,Y,RPA,2021-07-22 13:32:13.874,RPA,2021-07-22 13:32:13.874
20210700020010,20210000000000035734,http://www.wr96.com/index.php,http://wr96.com,镇江潘捣食品有限公司,<html xmlns=""http://www.w3.org/19,<htmlxmlns=http://www.w3.org/1999,,,NULL,NULL,,,200,NULL,50.38112759590149, ,11,US,23.82.48.100,2673,NULL,NULL,NULL,NULL,NULL,Y,RPA,2021-07-22 13:32:40.586,RPA,2021-07-22 13:32:40.586
20210700020012,20210000000000035733,http://wr95.com/,http://wr95.com,傻华咪表08123.com,专业的域名买卖交易，优惠的价格，实在的服务，专注六数字域名，五数字域名，三杂四杂，精品杂米出售交易,<html dir=""ltr""><head>
<t,<htmldir=ltr><head>
<title>傻华咪表08,
更多实惠域名请进：www.08123.com（5数字，6数字，精品杂米域名）,
更多实惠,NULL,NULL,iVBORw0KGgoAAAANSUhEUgAAAA8AAABBCAYAAAAOhP5WAAAAAXNSR0IArs4c6QAAAClJREFUWIXtyzEBAAAIAyC1f+fZwVf46SSpo7lGWZZlWZZlWZZlWX6UF64fBH4Nc6LtAAAAAElFTkSuQmCC,height=65 width=15,200,NULL,100.75065469741821, ,93,CN,119.28.5.246,10021,../tl.gif,3,NULL,NULL,NULL,Y,RPA,2021-07-22 13:33:40.358,RPA,2021-07-22 13:33:40.358
20210700020011,20210000000000035732,http://www.wr94.com/index.php,http://wr94.com,重庆瞧湃汽车服务有限公司,<html xmlns=""http://www.w3.org/19,<htmlxmlns=http://www.w3.org/1999,,,NULL,NULL,,,200,NULL,69.82368540763855, ,19,SC,45.192.83.82,1513,NULL,NULL,NULL,NULL,NULL,Y,RPA,2021-07-22 13:33:26.961,RPA,2021-07-22 13:33:26.961
20210700020013,20210000000000035731,http://wr93.com/,http://wr93.com,wr93.com,(){if(window.screen.height<700){$,(){if(window.screen.height<700){$,
,域名Domain Name:,NULL,NULL,iVBORw0KGgoAAAANSUhEUgAAAKoAAACgCAYAAACc7ffkAAAAAXNSR0IArs4c6QAAIABJREFUeJzMvfmzLMl13/c5mVlVvd2+y7v37W/eLBgMiI0gRBIiQUokxaAtWWaYUtg/mOEIh+wI/g3+C+w/wBG0HeGQrd8cIcuWwrKsoEyKFEmAK2BgCBDEALPP2+99d+ulqjKPf8jM6uq+980MCAygjJi5r7urq7NOnjzL9ywpqqoEZbaYs1gsaNsWK4aAIiKoKqKgQjdE49/8Xn69Nkz8UFUBg4gAofde+q4IhNXr/u/ke4tYlIZ4J0sIAYxFpaXwjtYERMGK4lEUA0bivIJgCOmXAaMQhGDABEACiKAan9WKQdQThPR+/NVurpvzJyAihI2Jb9JOaOO8MEDAYFEVMNrdb53O+ZqLxL1Ao0zX+ICI5l9Zv9Ygl96vf1+RSL,height=160 width=170,200,NULL,65.11543416976929, ,86,US,104.160.174.175,5305,http://www.4.cn/template/images/a-pic.jpg,2,NULL,NULL,NULL,Y,RPA,2021-07-22 13:33:48.937,RPA,2021-07-22 13:33:48.937
20210700020014,20210000000000035730,http://www.wr91.com/index.php,http://wr91.com,404 Not Found,<html><head><title>404 Not Found<,<html><head><title>404NotFound</t,,,NULL,NULL,,,404,NULL,43.78321599960327, ,8,US,198.2.217.23,566,NULL,NULL,NULL,NULL,NULL,Y,RPA,2021-07-22 13:34:14.021,RPA,2021-07-22 13:34:14.021
20210700020015,20210000000000035729,http://iyfnz.com/?dn=wr90.com&pid=9PO755G95,http://wr90.com,Wr90.com, handleABPDetect(){try{if(!abp) r,handleABPDetect(){try{if(!abp)ret,,Related Searches:,NULL,NULL,,,200,NULL,52.447606801986694, ,59,VG,208.91.196.46,3981,NULL,NULL,NULL,NULL,NULL,Y,RPA,2021-07-22 13:34:36.006,RPA,2021-07-22 13:34:36.006
20210700020016,20210000000000035728,http://wr88.com/,http://wr88.com,傻华咪表08123.com,专业的域名买卖交易，优惠的价格，实在的服务，专注六数字域名，五数字域名，三杂四杂，精品杂米出售交易,<html dir=""ltr""><head>
<t,<htmldir=ltr><head>
<title>傻华咪表08,
更多实惠域名请进：www.08123.com（5数字，6数字，精品杂米域名）,
更多实惠,NULL,NULL,iVBORw0KGgoAAAANSUhEUgAAAA8AAABBCAYAAAAOhP5WAAAAAXNSR0IArs4c6QAAAClJREFUWIXtyzEBAAAIAyC1f+fZwVf46SSpo7lGWZZlWZZlWZZlWX6UF64fBH4Nc6LtAAAAAElFTkSuQmCC,height=65 width=15,200,NULL,69.17810106277466, ,93,CN,119.28.5.246,10021,../tl.gif,3,NULL,NULL,NULL,Y,RPA,2021-07-22 13:35:01.346,RPA,2021-07-22 13:35:01.346
20210700020018,20210000000000035727,http://wr87.com/,http://wr87.com,傻华咪表08123.com,专业的域名买卖交易，优惠的价格，实在的服务，专注六数字域名，五数字域名，三杂四杂，精品杂米出售交易,<html dir=""ltr""><head>
<t,<htmldir=ltr><head>
<title>傻华咪表08,
更多实惠域名请进：www.08123.com（5数字，6数字，精品杂米域名）,
更多实惠,NULL,NULL,iVBORw0KGgoAAAANSUhEUgAAAA8AAABBCAYAAAAOhP5WAAAAAXNSR0IArs4c6QAAAClJREFUWIXtyzEBAAAIAyC1f+fZwVf46SSpo7lGWZZlWZZlWZZlWX6UF64fBH4Nc6LtAAAAAElFTkSuQmCC,height=65 width=15,200,NULL,71.72584629058838, ,93,CN,119.28.5.246,10021,../tl.gif,3,NULL,NULL,NULL,Y,RPA,2021-07-22 13:35:29.004,RPA,2021-07-22 13:35:29.004
20210700020021,20210000000000035725,data:,,http://wr85.com,,NULL,NULL,NULL,NULL,NULL,NULL,NULL,NULL,200,NULL,65.22389674186707,NULL,NULL,NULL,NULL,10021,NULL,NULL,NULL,NULL,NULL,Y,RPA,2021-07-22 13:36:09.79,RPA,2021-07-22 13:36:09.79
20210700020019,20210000000000035724,http://wr84.com/,http://wr84.com,域名售卖,<html><head>
<meta charset=""utf-,<html><head>
<metacharset=utf-8>,,,NULL,NULL,,,200,NULL,43.817763805389404, ,8,SG,170.33.9.230,348,NULL,NULL,NULL,NULL,NULL,Y,RPA,2021-07-22 13:35:49.431,RPA,2021-07-22 13:35:49.431
20210700020024,20210000000000035722,http://wr82.com/,http://wr82.com,散货海运,散货国际海运,散货货代,灰圈国际物流公司,() { setTimeout(hideURLbar, 0); },(){setTimeout(hideURLbar,0);},fal,灰圈散货海运公司专业从事国际拼箱、国际货代、跨境通关、跨境集运、进出口提货的综合型物流公司,,NULL,NULL,,height=0 width=0,200,NULL,67.52185487747192, ,401,SG,129.226.13.164,21670,https://www5.53kf.com/img/upload/10201520/mobile/temp/mobile_53kf_1575769673.jpg,17,NULL,NULL,NULL,Y,RPA,2021-07-22 13:37:00.267,RPA,2021-07-22 13:37:00.267
20210700020022,20210000000000035721,https://www.hugedomains.com/domain_profile.cfm?d=wr81&e=com,http://wr81.com,HugeDomains.com, gtag() { dataLayer.push(argument,gtag(){dataLayer.push(arguments);,© HugeDomains.com. All rights reserved.,Questions?,NULL,NULL,iVBORw0KGgoAAAANSUhEUgAAAO4AAAAjCAYAAACTmDZIAAAAAXNSR0IArs4c6QAAHRNJREFUeJztnfl3XdWV5z93evMovafBGoytybLleQBjG0MISTpzWAlNQYckFSBdqepeNXS6V+UPqFWdzqrq1dXV3ZUQEkKSqoxFoAiBAGYwjgFbHmRZtjVY86ynN0936h+e9KSr92TAmNgh+v6me++7Z597z/ecvb97nyshk8ubrGENvyfQNI3xsVEmJybZ3NGBx+O53iZdF4jX24A1rOHtIpPJ8Mbrx3nql08RrKz8gyUtgHy9DVjDGt4OotEozzz9NG8cP84DX/wiLS0t19uk64o14q7hhsfE+DiPffe7nO48xVf/05+xc/fu623SdccacddwXaHrOqZpIsulQ1HTNM53d/PIt77F8NAQf/zgQ9x2++3XwcobD2vEXcN1g2,height=35 width=238,200,NULL,49.32670450210571, ,75,US,172.67.70.191,5283,https://static.hugedomains.com/images/hdv3-img/logo.png,7,NULL,NULL,NULL,Y,RPA,2021-07-22 13:36:48.676,RPA,2021-07-22 13:36:48.676
20210700020027,20210000000000035718,http://wr78.com/,http://wr78.com,傻华咪表08123.com,专业的域名买卖交易，优惠的价格，实在的服务，专注六数字域名，五数字域名，三杂四杂，精品杂米出售交易,<html dir=""ltr""><head>
<t,<htmldir=ltr><head>
<title>傻华咪表08,
更多实惠域名请进：www.08123.com（5数字，6数字，精品杂米域名）,
更多实惠,NULL,NULL,iVBORw0KGgoAAAANSUhEUgAAAA8AAABBCAYAAAAOhP5WAAAAAXNSR0IArs4c6QAAAClJREFUWIXtyzEBAAAIAyC1f+fZwVf46SSpo7lGWZZlWZZlWZZlWX6UF64fBH4Nc6LtAAAAAElFTkSuQmCC,height=65 width=15,200,NULL,101.21782732009888, ,93,CN,119.28.5.246,10021,../tl.gif,3,NULL,NULL,NULL,Y,RPA,2021-07-22 13:38:44.738,RPA,2021-07-22 13:38:44.738
20210700020026,20210000000000035717,http://wr77.com/,http://wr77.com,傻华咪表08123.com,专业的域名买卖交易，优惠的价格，实在的服务，专注六数字域名，五数字域名，三杂四杂，精品杂米出售交易,<html dir=""ltr""><head>
<t,<htmldir=ltr><head>
<title>傻华咪表08,
更多实惠域名请进：www.08123.com（5数字，6数字，精品杂米域名）,
更多实惠,NULL,NULL,iVBORw0KGgoAAAANSUhEUgAAAA8AAABBCAYAAAAOhP5WAAAAAXNSR0IArs4c6QAAAClJREFUWIXtyzEBAAAIAyC1f+fZwVf46SSpo7lGWZZlWZZlWZZlWX6UF64fBH4Nc6LtAAAAAElFTkSuQmCC,height=65 width=15,200,NULL,106.05586647987366, ,93,CN,119.28.5.246,10021,../tl.gif,3,NULL,NULL,NULL,y,RPA,2021-07-22 13:38:24.813,RPA,2021-07-22 13:39:09.064
20210700020030,20210000000000035716,http://wr76.com/,http://wr76.com,傻华咪表08123.com,专业的域名买卖交易，优惠的价格，实在的服务，专注六数字域名，五数字域名，三杂四杂，精品杂米出售交易,<html dir=""ltr""><head>
<t,<htmldir=ltr><head>
<title>傻华咪表08,
更多实惠域名请进：www.08123.com（5数字，6数字，精品杂米域名）,
更多实惠,NULL,NULL,iVBORw0KGgoAAAANSUhEUgAAAA8AAABBCAYAAAAOhP5WAAAAAXNSR0IArs4c6QAAAClJREFUWIXtyzEBAAAIAyC1f+fZwVf46SSpo7lGWZZlWZZlWZZlWX6UF64fBH4Nc6LtAAAAAElFTkSuQmCC,height=65 width=15,200,NULL,102.55534482002258, ,93,CN,119.28.5.246,10021,../tl.gif,3,NULL,NULL,NULL,Y,RPA,2021-07-22 13:40:10.603,RPA,2021-07-22 13:40:10.603
20210700020029,20210000000000035715,http://warning.or.kr/i2.html,http://wr75.com,불법·유해정보사이트에 대한 차단 안내, click() { if (event.button != 1),click(){if(event.button!=1){}}
d,,방송통신심의위원회,NULL,NULL,iVBORw0KGgoAAAANSUhEUgAAAIIAAACCCAYAAACKAxD9AAAAAXNSR0IArs4c6QAAIABJREFUeJzcvXl8lNX5/v+efSazZSbbZN93CJBA2GRVsAKi4oK71aLWqrXW1k/V2lLtZq1a69ZWq2jdEAUXlgoKyCpbCAQISchC1sk2k8ns+++PCWNCJiw22H5/1+s1L8jMM8+c5zn3c859rvu67yPQ5N8ZFAiF/P8JApEYsVyOTC5HqNYglEiJT4olNScTly8w5Fi5eOi1u3wB/F4fSoUUs8mKsasPudeGyWxD5rFht7lwu1z4XC6Cft93eVkXFOL/dgNGAyKpDIVajVgfi16nQhGjJyMjiYJkDWmxUeQYVCRGK4hVS9EoJOd1brcvQKfFRUOXnRNGG41ddo63WjC2d+LsNeFxOulr78RpteL3uC/QFV54CDT5dwUFQsF/ux,height=130 width=130,200,NULL,53.7843382358551, 불법 유해정보사이트에 대한 차단 안내 불법 유해 정보 사이트 에 대한 차단 안내 지금 접속하려고 하는 정보 사이트 에서 불법 도박 관련 정보가 제공되고 있어이에 대한 접속이 차단되었음을 알려드립니다 해당 정보 사이트 는 방송통신심의위원회 의 심의를 거쳐 방송통신위원회의 설치 및 운영에 관한 법률 에 따라 적법하게 차단된 것이오니 이에 관한 문의사항이 있으시면 아래의 담당기관으로 문의하여 주시기 바랍니다 차단안내페이지 를 도용한 파밍사이트가 발견되어 각별한 주의가 필요합니다 차단안내페이지는 개인정보를 요구하거나 프로그램 설치를 유도하지 않습니다 사이트분야 담당기관 전화번호 불법 도박 사이버 경찰청 사행산업통합감독위원회 불법 체육진흥투표권 판매 사행산업통합감독위원회 국민체육진흥공단 클린스포츠 통합콜센터 불법 승자투표권 구매대행 국민체육진흥공단 경륜 경정 총괄본부 불법 마권 구매대행 한국마사회 운영자 이의신청 안내 사이트 운영자는 시정요구를 받은 날로부터 일 이내에 방송통신심의위원회에 ,121,KR,121.189.57.82,12690,img/kcsc.png,2,NULL,NULL,NULL,Y,RPA,2021-07-22 13:39:41.79,RPA,2021-07-22 13:39:41.79
20210700020032,20210000000000035713,http://123.wo80.com/,http://wr72.com,域名系统,() {
var hm = document.createEl,(){
varhm=document.createElement(,,shentao.com,NULL,NULL,iVBORw0KGgoAAAANSUhEUgAAABAAAAAQCAYAAAAf8/9hAAAAAXNSR0IArs4c6QAAAf1JREFUOI2lks1rE0Echp+Z3SRU02piUitYS7VQemggeAiIVgMFwbtXj/4L3rx79ePYg9BDD34g9morVbqlp4JVK8WCEqxaD01iErO7Mz8Pm2aLTUVwYE/L+/C874wSEeE/jgswOzv7z4GJiQkmJydJJpMxQAQuXp7mRP7kX6KC93qRtbU1Go0GpVKJVCq1BxAabUFqBmMPUXWEdiAUCgUymSwLC4uUy1f2ABY/FPCFIBSyac1I3qUdCO8qAQApRzAmmmts7Bzp9FHm5+cjgLWClchk6LjmVMaNQglFcTTJ+uc2Ahhj8DwPz/MAUErFFQBG8gkG+tQBfWshDEOKpTJT5WkSjkIpaLeaewYWRNj66uOHpucGWinqvyytQNAKHK,height=16 width=16,200,NULL,58.08427619934082, ,692,US,47.57.31.217,71,http://icon.cnzz.com/img/pic1.gif,1,NULL,NULL,NULL,Y,RPA,2021-07-22 13:40:34.425,RPA,2021-07-22 13:40:34.425
20210700020034,20210000000000035711,http://wr70.com/,http://wr70.com,wr70.com,(){if(window.screen.height<700){$,(){if(window.screen.height<700){$,
,域名Domain Name:,NULL,NULL,iVBORw0KGgoAAAANSUhEUgAAAKoAAACgCAYAAACc7ffkAAAAAXNSR0IArs4c6QAAIABJREFUeJzMvfmzLMl13/c5mVlVvd2+y7v37W/eLBgMiI0gRBIiQUokxaAtWWaYUtg/mOEIh+wI/g3+C+w/wBG0HeGQrd8cIcuWwrKsoEyKFEmAK2BgCBDEALPP2+99d+ulqjKPf8jM6uq+980MCAygjJi5r7urq7NOnjzL9ywpqqoEZbaYs1gsaNsWK4aAIiKoKqKgQjdE49/8Xn69Nkz8UFUBg4gAofde+q4IhNXr/u/ke4tYlIZ4J0sIAYxFpaXwjtYERMGK4lEUA0bivIJgCOmXAaMQhGDABEACiKAan9WKQdQThPR+/NVurpvzJyAihI2Jb9JOaOO8MEDAYFEVMNrdb53O+ZqLxL1Ao0zX+ICI5l9Zv9Ygl96vf1+RSL,height=160 width=170,200,NULL,87.42246055603027, ,91,US,104.160.174.170,5310,http://www.4.cn/template/images/a-pic.jpg,3,NULL,NULL,NULL,Y,RPA,2021-07-22 13:41:39.144,RPA,2021-07-22 13:41:39.144
20210700020036,20210000000000035709,http://wr68.com/,http://wr68.com,傻华咪表08123.com,专业的域名买卖交易，优惠的价格，实在的服务，专注六数字域名，五数字域名，三杂四杂，精品杂米出售交易,<html dir=""ltr""><head>
<t,<htmldir=ltr><head>
<title>傻华咪表08,
更多实惠域名请进：www.08123.com（5数字，6数字，精品杂米域名）,
更多实惠,NULL,NULL,iVBORw0KGgoAAAANSUhEUgAAAA8AAABBCAYAAAAOhP5WAAAAAXNSR0IArs4c6QAAAClJREFUWIXtyzEBAAAIAyC1f+fZwVf46SSpo7lGWZZlWZZlWZZlWX6UF64fBH4Nc6LtAAAAAElFTkSuQmCC,height=65 width=15,200,NULL,97.80021119117737, ,93,CN,119.28.5.246,10021,../tl.gif,3,NULL,NULL,NULL,Y,RPA,2021-07-22 13:42:15.476,RPA,2021-07-22 13:42:15.476
20210700020035,20210000000000035708,http://wr67.com/,http://wr67.com,wr67.com,(){if(window.screen.height<700){$,(){if(window.screen.height<700){$,
,域名Domain Name:,NULL,NULL,iVBORw0KGgoAAAANSUhEUgAAAKoAAACgCAYAAACc7ffkAAAAAXNSR0IArs4c6QAAIABJREFUeJzMvfmzLMl13/c5mVlVvd2+y7v37W/eLBgMiI0gRBIiQUokxaAtWWaYUtg/mOEIh+wI/g3+C+w/wBG0HeGQrd8cIcuWwrKsoEyKFEmAK2BgCBDEALPP2+99d+ulqjKPf8jM6uq+980MCAygjJi5r7urq7NOnjzL9ywpqqoEZbaYs1gsaNsWK4aAIiKoKqKgQjdE49/8Xn69Nkz8UFUBg4gAofde+q4IhNXr/u/ke4tYlIZ4J0sIAYxFpaXwjtYERMGK4lEUA0bivIJgCOmXAaMQhGDABEACiKAan9WKQdQThPR+/NVurpvzJyAihI2Jb9JOaOO8MEDAYFEVMNrdb53O+ZqLxL1Ao0zX+ICI5l9Zv9Ygl96vf1+RSL,height=160 width=170,200,NULL,61.70059370994568, ,133,US,104.160.174.170,5305,http://www.4.cn/template/images/a-pic.jpg,2,NULL,NULL,NULL,Y,RPA,2021-07-22 13:41:52.139,RPA,2021-07-22 13:41:52.139
20210700020038,20210000000000035707,data:,,http://wr66.com,,NULL,NULL,NULL,NULL,NULL,NULL,NULL,NULL,200,NULL,61.266276121139526,NULL,NULL,NULL,NULL,10021,NULL,NULL,NULL,NULL,NULL,Y,RPA,2021-07-22 13:42:43.735,RPA,2021-07-22 13:42:43.735
20210700020039,20210000000000035705,http://www.wr64.com/,http://wr64.com,www.wr64.com,<html><head>
<meta http-equiv=""Co,<html><head>
<metahttp-equiv=Cont,,,NULL,NULL,iVBORw0KGgoAAAANSUhEUgAAAakAAACUCAYAAAApv9acAAAAAXNSR0IArs4c6QAAIABJREFUeJzsvXmsp8lZ7/epqnf/Lae7z+meHo97xsv4egYLE+Biy743IViWAAW8EJYQEgvkmysChBspMhIRQkqiqyRXiIRFShQlISATkFkul3ATGITAo9jOtcHI4G3s8Xg2z0z36bP91nerqvxRVe/vPb8+W3fPhjmP+uj0edd6t/rW832+z1PCWms5t3M7t3M7t1fMrLUIIY78e33daccJdtQ+p60/ydq2JYqiQ8e53WPcicmX/Azndm7ndm7ndqKtd/b9v08DgnXgCT/WWowx3TYB7MJPMGMMR/kq/f3ruiaKokPgJISgbdvbvNLbN3HuSZ3buZ3bub3ydprHdJT3cjte1nHHCMsDIEkpbwExKeWh/9/uee/GzkHq3M7t3M,height=148 width=425,200,NULL,56.55444407463074, ,34,IT,62.149.128.40,1182,images/reserved.jpg,5,NULL,NULL,NULL,Y,RPA,2021-07-22 13:43:13.642,RPA,2021-07-22 13:43:13.642
20210700020044,20210000000000035704,https://www.wr63.com/,http://wr63.com,家装头条-专注于家居,家具,家私,家装行业的头条资讯－家装头条,(){var bp = document.createElemen,(){varbp=document.createElement(s,263947亿元！2020年全国建筑业总产,0,NULL,NULL,iVBORw0KGgoAAAANSUhEUgAAABAAAAAQCAYAAAAf8/9hAAAAAXNSR0IArs4c6QAAARBJREFUOI2VUqGuhDAQnHt5Dr5iPb7VfEA9Hg8eiS8eT4Ik4SNIkE0q+xVtgutT13fQcpebpGZndrrZ2cdxHB43MMbAGAPnHIqiABFFmkfKwFqLYRhgjAFjDACwbRuICE3TIM/z9wZ93yPLMrRte6pLKeGcQ9d1ofZzN/a1GQDatg38rYFSKoydQlEU7w2cc7fNKUQGjDFs25YUW2uhlDqlERkQEYgIUsqoeRzHwD/xMUbO+enna4y/qVGVUjDGIMsyeO9BRBBCBI5z/i8+jsO/vnmefV3Xft93f+W01l4I4dd1DTWkBFrrqPlOc1risiyoqip5869LrqoK0zTFKXw6oifKsgzHlEzhG0R38C3+AIM58orAp55gAAAAAElFTk,height=16 width=16,200,NULL,178.14751505851746, ,664,HK,118.193.47.180,43495,https://www.wr63.com/skin/boyi/image/ico-user.png,26,NULL,NULL,NULL,Y,RPA,2021-07-22 13:45:16.816,RPA,2021-07-22 13:45:16.816
20210700020040,20210000000000035703,http://wr62.com/,http://wr62.com,,ality of this site it is necessar,alityofthissiteitisnecessarytoena,,Privacy Policy,NULL,NULL,,,200,NULL,44.17401623725891, 에서 무료 제공되는 서비스로 무료로 파킹됩니다 ,34,US,34.98.99.30,2522,NULL,NULL,NULL,NULL,NULL,Y,RPA,2021-07-22 13:43:31.144,RPA,2021-07-22 13:43:31.144
20210700020042,20210000000000035701,http://wr60.com/,http://wr60.com,,<html><head></head><body></body><,<html><head></head><body></body><,,,NULL,NULL,,,200,NULL,54.03515362739563,,3,DE,95.111.253.28,0,NULL,NULL,NULL,NULL,NULL,Y,RPA,2021-07-22 13:44:28.378,RPA,2021-07-22 13:44:28.378
20210700020045,20210000000000035700,http://www.wr59.com/,http://wr59.com,亚博最新娱乐网址-yabo2020亚博最新版,(){ return true; };</script>
<me,(){returntrue;};</script>
<metaht,,,NULL,NULL,,height=0 width=0,200,NULL,154.22081446647644, ,2777,ZA,168.206.206.247,167887,/html/Content/Areas/Common/images/logo/wxShare.jpg,162,NULL,NULL,NULL,Y,RPA,2021-07-22 13:46:13.989,RPA,2021-07-22 13:46:13.989
20210700020043,20210000000000035699,http://wr58.com/,http://wr58.com,,NULL,NULL,NULL,NULL,NULL,NULL,NULL,NULL,502,NULL,40.50600004196167,NULL,NULL,NULL,NULL,560,NULL,NULL,NULL,NULL,NULL,Y,RPA,2021-07-22 13:45:12.113,RPA,2021-07-22 13:45:12.113
20210700020047,20210000000000035698,https://dan.com/buy-domain/wr57.com?redirected=true&tld=com,http://wr57.com,The domain name WR57.COM is for sale | Dan.com,(i,s,o,g,r,a,m){i['GoogleAnalytic,(i,s,o,g,r,a,m){i[GoogleAnalytics,, ),NULL,NULL,,,200,NULL,68.78663229942322, ,323,US,52.28.84.253,26210,NULL,NULL,NULL,NULL,NULL,Y,RPA,2021-07-22 13:46:24.143,RPA,2021-07-22 13:46:24.143
20210700020046,20210000000000035697,http://wr56.com/,http://wr56.com,wr56.com - The domain is available for purchase,(){if(window.screen.height<700){$,(){if(window.screen.height<700){$,,(wr56.com),NULL,NULL,iVBORw0KGgoAAAANSUhEUgAAAKEAAAAXCAYAAABjwi/eAAAAAXNSR0IArs4c6QAABtdJREFUaIHtW716m0oQPfGn0jyAeADca9OLBxDppd5SL9FL9DY9Sm2UWksf1Bv14DqoD+m5hTPrBRaEfsjNd69OZdid3dHh7Ozsjz95npcDwP39PSaTCY4hTVMEQSCeGWNgjDXaJEmCMAxb128DzjkOhwMAYDqdXtzeDf8eerJALMuCpmmNBkEQYL1ei2fGGDzPO2rj+z4AHK3bFkEQIIoiADcRdokwDOG6LrbbbWd93A0GA/FAH/WYUzKiKEKWZY02r6+vAABN064SBW/4M3AcB7ZtI03TTvu5M01TPOz3+8bKWZYhSRIAKIipSbx1Njf8/ehafIQ7Xdeh6zqAj4hVBzkKLhYL8XeTeGWBylH3hhsId8BHhEqSpHFq3e12AN,height=23 width=161,200,NULL,55.139628410339355, ,78,US,104.160.174.170,6621,http://www.4.cn/www/layout/3/welcome.gif,2,NULL,NULL,NULL,Y,RPA,2021-07-22 13:46:15.19,RPA,2021-07-22 13:46:15.19
20210700020050,20210000000000035696,http://wr55.com/,http://wr55.com,傻华咪表08123.com,专业的域名买卖交易，优惠的价格，实在的服务，专注六数字域名，五数字域名，三杂四杂，精品杂米出售交易,<html dir=""ltr""><head>
<t,<htmldir=ltr><head>
<title>傻华咪表08,
更多实惠域名请进：www.08123.com（5数字，6数字，精品杂米域名）,
更多实惠,NULL,NULL,iVBORw0KGgoAAAANSUhEUgAAAA8AAABBCAYAAAAOhP5WAAAAAXNSR0IArs4c6QAAAClJREFUWIXtyzEBAAAIAyC1f+fZwVf46SSpo7lGWZZlWZZlWZZlWX6UF64fBH4Nc6LtAAAAAElFTkSuQmCC,height=65 width=15,200,NULL,65.76486706733704, ,93,CN,119.28.5.246,10021,../tl.gif,3,NULL,NULL,NULL,Y,RPA,2021-07-22 13:47:23.001,RPA,2021-07-22 13:47:23.001
20210700020051,20210000000000035694,http://wr53.com/,http://wr53.com,wr53.com,(){if(window.screen.height<700){$,(){if(window.screen.height<700){$,
,域名Domain Name:,NULL,NULL,iVBORw0KGgoAAAANSUhEUgAAAKoAAACgCAYAAACc7ffkAAAAAXNSR0IArs4c6QAAIABJREFUeJzMvfmzLMl13/c5mVlVvd2+y7v37W/eLBgMiI0gRBIiQUokxaAtWWaYUtg/mOEIh+wI/g3+C+w/wBG0HeGQrd8cIcuWwrKsoEyKFEmAK2BgCBDEALPP2+99d+ulqjKPf8jM6uq+980MCAygjJi5r7urq7NOnjzL9ywpqqoEZbaYs1gsaNsWK4aAIiKoKqKgQjdE49/8Xn69Nkz8UFUBg4gAofde+q4IhNXr/u/ke4tYlIZ4J0sIAYxFpaXwjtYERMGK4lEUA0bivIJgCOmXAaMQhGDABEACiKAan9WKQdQThPR+/NVurpvzJyAihI2Jb9JOaOO8MEDAYFEVMNrdb53O+ZqLxL1Ao0zX+ICI5l9Zv9Ygl96vf1+RSL,height=160 width=170,200,NULL,67.93841767311096, ,133,US,104.160.174.170,5310,http://www.4.cn/template/images/a-pic.jpg,2,NULL,NULL,NULL,Y,RPA,2021-07-22 13:47:35.33,RPA,2021-07-22 13:47:35.33
20210700020053,20210000000000035692,http://wr51.com/,http://wr51.com,wr51.com,(){if(window.screen.height<700){$,(){if(window.screen.height<700){$,,,NULL,NULL,,,502,NULL,59.372864723205566, ,33,US,104.160.174.170,560,NULL,NULL,NULL,NULL,NULL,Y,RPA,2021-07-22 13:48:11.47,RPA,2021-07-22 13:48:11.47
20210700020054,20210000000000035691,data:,,http://wr50.com,,NULL,NULL,NULL,NULL,NULL,NULL,NULL,NULL,200,NULL,52.17470693588257,NULL,NULL,NULL,NULL,10021,NULL,NULL,NULL,NULL,NULL,Y,RPA,2021-07-22 13:48:18.412,RPA,2021-07-22 13:48:18.412
20210700020055,20210000000000035689,http://wr48.com/,http://wr48.com,傻华咪表08123.com,专业的域名买卖交易，优惠的价格，实在的服务，专注六数字域名，五数字域名，三杂四杂，精品杂米出售交易,<html dir=""ltr""><head>
<t,<htmldir=ltr><head>
<title>傻华咪表08,
更多实惠域名请进：www.08123.com（5数字，6数字，精品杂米域名）,
更多实惠,NULL,NULL,iVBORw0KGgoAAAANSUhEUgAAAA8AAABBCAYAAAAOhP5WAAAAAXNSR0IArs4c6QAAAClJREFUWIXtyzEBAAAIAyC1f+fZwVf46SSpo7lGWZZlWZZlWZZlWX6UF64fBH4Nc6LtAAAAAElFTkSuQmCC,height=65 width=15,200,NULL,51.163325786590576, ,93,CN,119.28.5.246,10021,../tl.gif,3,NULL,NULL,NULL,Y,RPA,2021-07-22 13:49:00.111,RPA,2021-07-22 13:49:00.111
20210700020056,20210000000000035688,http://close.lesdesklamp.cn/,http://wr47.com,欢迎首富，到访购彩中心,() {
var hm = document.createEl,(){
varhm=document.createElement(,信誉至上  大额无忧  首充有礼！,,NULL,NULL,,,400,NULL,50.56593585014343, ,33,US,107.187.212.229,13,NULL,NULL,NULL,NULL,NULL,Y,RPA,2021-07-22 13:49:05.273,RPA,2021-07-22 13:49:05.273
20210700020057,20210000000000035687,http://wr45.com/,http://wr45.com,台湾UU聊天室, GO(AID){
var AW = screen.avail,GO(AID){
varAW=screen.availWidth;,24小时在线,赠 4,500点,NULL,NULL,iVBORw0KGgoAAAANSUhEUgAAABAAAAAQCAYAAAAf8/9hAAAAAXNSR0IArs4c6QAAAWFJREFUOI2dk71LQlEYxn/3eu8V5YoaCg3WolBDky1B9TeYY0vR3FbR1hJEY0tbS0NLc1NRFEgQaFNUhNFQ1OInaH5c9d4Gy7xcD3080+E87/N733M4Rzpi3kKgwJQKQPmqJSpBETpAbF0HSSKTLP4d4I25GE54euvaY2dgnSwCRFf1ritDdM0nnMABUIMy/rhKZNHb24ssePDHVdSgs58CMLbpY2TJixaWkd2So8jlkZi9DgNgNi2MnMnLfo2HjUp3gux2hcpda2DYMbJbonLbJrtV/T6CWYdMskT+tPEjIHfcJD1XxGxY9jvo1CzSiRKFi6Y4fNKwhW2AL0j+TAwopgxb2AEA8MdVIWCQ5wRMfhZZ8HpQ5+2w7vT6ZHuJWk,height=16 width=16,200,NULL,48.225608825683594, ,9400,TW,60.199.176.84,322919,images/star.png,785,NULL,NULL,NULL,Y,RPA,2021-07-22 13:49:10.03,RPA,2021-07-22 13:49:10.03
20210700020058,20210000000000035686,http://warning.or.kr/i2.html,http://wr44.com,불법·유해정보사이트에 대한 차단 안내, click() { if (event.button != 1),click(){if(event.button!=1){}}
d,,방송통신심의위원회,NULL,NULL,iVBORw0KGgoAAAANSUhEUgAAAIIAAACCCAYAAACKAxD9AAAAAXNSR0IArs4c6QAAIABJREFUeJzcvXl8lNX5/v+efSazZSbbZN93CJBA2GRVsAKi4oK71aLWqrXW1k/V2lLtZq1a69ZWq2jdEAUXlgoKyCpbCAQISchC1sk2k8ns+++PCWNCJiw22H5/1+s1L8jMM8+c5zn3c859rvu67yPQ5N8ZFAiF/P8JApEYsVyOTC5HqNYglEiJT4olNScTly8w5Fi5eOi1u3wB/F4fSoUUs8mKsasPudeGyWxD5rFht7lwu1z4XC6Cft93eVkXFOL/dgNGAyKpDIVajVgfi16nQhGjJyMjiYJkDWmxUeQYVCRGK4hVS9EoJOd1brcvQKfFRUOXnRNGG41ddo63WjC2d+LsNeFxOulr78RpteL3uC/QFV54CDT5dwUFQsF/ux,height=130 width=130,200,NULL,41.83407115936279, 불법 유해정보사이트에 대한 차단 안내 불법 유해 정보 사이트 에 대한 차단 안내 지금 접속하려고 하는 정보 사이트 에서 불법 도박 관련 정보가 제공되고 있어이에 대한 접속이 차단되었음을 알려드립니다 해당 정보 사이트 는 방송통신심의위원회 의 심의를 거쳐 방송통신위원회의 설치 및 운영에 관한 법률 에 따라 적법하게 차단된 것이오니 이에 관한 문의사항이 있으시면 아래의 담당기관으로 문의하여 주시기 바랍니다 차단안내페이지 를 도용한 파밍사이트가 발견되어 각별한 주의가 필요합니다 차단안내페이지는 개인정보를 요구하거나 프로그램 설치를 유도하지 않습니다 사이트분야 담당기관 전화번호 불법 도박 사이버 경찰청 사행산업통합감독위원회 불법 체육진흥투표권 판매 사행산업통합감독위원회 국민체육진흥공단 클린스포츠 통합콜센터 불법 승자투표권 구매대행 국민체육진흥공단 경륜 경정 총괄본부 불법 마권 구매대행 한국마사회 운영자 이의신청 안내 사이트 운영자는 시정요구를 받은 날로부터 일 이내에 방송통신심의위원회에 ,121,KR,121.189.57.82,12690,img/kcsc.png,2,NULL,NULL,NULL,Y,RPA,2021-07-22 13:49:45.198,RPA,2021-07-22 13:49:45.198
20210700020059,20210000000000035685,http://wr43.com/,http://wr43.com,狼群影院在线播放视频_米奇在线777在线精品视频_青青热久免费精品视频在,.js""></script>
</head>
<body>
<di,.js></script>
</head>
<body>
<div,
警告：本网站只适合十八岁或以上人士浏览.No Entry For Less Than 18-Year-Old.
站点申明：我们立足于美利坚合众国，对全球华人服务，受北美法律保护，请遵守当地法律法规不要随意转播！
[狼群影院在线播放视频_米奇在线777在线精品视频_青青热久免费精品视频在] © 2020 All Rights Reserved.
,,NULL,NULL,iVBORw0KGgoAAAANSUhEUgAAA9QAAAB4CAYAAAAT4rqMAAAAAXNSR0IArs4c6QAAIABJREFUeJzsvXm4ZVdZ5/9Za+3pzHe+dW9NSVVSGSoTSQiTAQJJEAJERgHDoK0gIiJ0q61ta7farbatSPfTMqqAoBKQyYCRYCCjZCRkqCSVVFVqvvM998x7Wuv3x9pnuIH++fzEX4o/9ud5bt2695yz9t5rr3Of813v+35f8fH7Pm5+9uKfJScnJycnJycnJyfnGcBkXwAaEAnI1H4HUiQGF4GDGn2u1BhSUjQCiUJA4tjHJRgFYTakR4LCINCQjacBpbOxRPZ1KtBAMnIeMh7Ogf0FBpcUB4A0e6oBNJoUjcYQIPBDx47lQuJBO3tuObt+0CRIIlwcwBtOEKh/5fkbDSYG7YKWICB1IBUgaSEIUSgMJSJcouzcFZoSi0AMpg,height=120 width=980,200,NULL,48.74694538116455, ,701,US,172.67.191.216,31843,http://niubixxx.com/seo/dz.jpg,17,NULL,NULL,NULL,Y,RPA,2021-07-22 13:49:57.266,RPA,2021-07-22 13:49:57.266
20210700020060,20210000000000035684,http://wr42.com/,http://wr42.com,狼群影院在线播放视频_米奇在线777在线精品视频_青青热久免费精品视频在,.js""></script>
</head>
<body>
<di,.js></script>
</head>
<body>
<div,
警告：本网站只适合十八岁或以上人士浏览.No Entry For Less Than 18-Year-Old.
站点申明：我们立足于美利坚合众国，对全球华人服务，受北美法律保护，请遵守当地法律法规不要随意转播！
[狼群影院在线播放视频_米奇在线777在线精品视频_青青热久免费精品视频在] © 2020 All Rights Reserved.
,,NULL,NULL,iVBORw0KGgoAAAANSUhEUgAAA9QAAAB4CAYAAAAT4rqMAAAAAXNSR0IArs4c6QAAIABJREFUeJzsvXm4ZVdZ5/9Za+3pzHe+dW9NSVVSGSoTSQiTAQJJEAJERgHDoK0gIiJ0q61ta7farbatSPfTMqqAoBKQyYCRYCCjZCRkqCSVVFVqvvM998x7Wuv3x9pnuIH++fzEX4o/9ud5bt2695yz9t5rr3Of813v+35f8fH7Pm5+9uKfJScnJycnJycnJyfnGcBkXwAaEAnI1H4HUiQGF4GDGn2u1BhSUjQCiUJA4tjHJRgFYTakR4LCINCQjacBpbOxRPZ1KtBAMnIeMh7Ogf0FBpcUB4A0e6oBNJoUjcYQIPBDx47lQuJBO3tuObt+0CRIIlwcwBtOEKh/5fkbDSYG7YKWICB1IBUgaSEIUSgMJSJcouzcFZoSi0AMpg,height=120 width=980,200,NULL,48.33639931678772, ,701,US,172.67.206.104,31843,http://niubixxx.com/seo/dz.jpg,17,NULL,NULL,NULL,Y,RPA,2021-07-22 13:50:01.631,RPA,2021-07-22 13:50:01.631
20210700020065,20210000000000035683,http://www.wr41.com/,http://wr41.com,唐山谐丛市场营销有限公司,<html xmlns=""http://www.w3.org/19,<htmlxmlns=http://www.w3.org/1999,,,NULL,NULL,,,200,NULL,184.66163659095764, ,14,US,66.254.189.208,2128,NULL,NULL,NULL,NULL,NULL,Y,RPA,2021-07-22 13:52:53.084,RPA,2021-07-22 13:52:53.084
